variable,importance
C6.4..Very.unfavorable,0.0677951706443828
C15.2..Republican.candidate.for.Congress,0.04519660610618926
C4.4..Very.unfavorable,0.03736106314808707
C242_HID.2..Democratic.Party,0.02398342716471173
C6.2..Somewhat.favorable,0.023630213373162706
L46.2..Democrat,0.021267119527222274
L266.2..Democrats,0.017974621180373677
C2.4..Very.unfavorable,0.017928353798776466
C25.2..Democrat,0.016958410582861648
C7.4..Very.unfavorable,0.012141296962058058
C9.4..Very.unfavorable,0.011936059435234327
C158.02..Should.not,0.008900340176548765
C4.2..Somewhat.favorable,0.008860147811112648
BLA207.4..Strongly.disagree,0.008827836410632901
C3.4..Very.unfavorable,0.008728158478012196
C337.2..Increase,0.00805596653081327
L267.2..Democrats,0.006273527716836335
C41.5..Strongly.disagree,0.006120880581847064
C7.2..Somewhat.favorable,0.005296649896300202
BL229.04..Not.at.all.effective,0.005230495424136415
C228.5..Strongly.oppose,0.004878168828283609
C142.3..Bothers.me.a.lot,0.0047612718430655185
C8.4..Very.unfavorable,0.0038188731513670803
BLA206.4..Strongly.disagree,0.003249857302108963
C38.3..They.should.be.required.to.leave.their.jobs.and.immediately.leave.the.U.S.,0.0029537202607080267
C111.4..Never,0.0029294062969496435
C31.5..Very.Conservative,0.0028768097105926383
C5.4..Very.unfavorable,0.002777258377775375
BL174.5..Strongly.disagree,0.0026857734140570614
L293.11..10...Extremely.favorable,0.0024803542726981693
C40.5..Strongly.disagree,0.0024665225743387546
C45.5..Strongly.disagree,0.002370736549735386
C2.3..Somewhat.unfavorable,0.002326707176642139
LA203.4..Strongly.support.Republicans,0.0023153198761179357
BL155.2..Racism.exists.today.but.is.not.a.major.problem,0.002152955358003348
C248.3..A.little,0.002103951491479892
C114.4..Never,0.0019763318262502024
L232.4..Not.at.all.worried,0.001954074170105247
C112.4..Never,0.0019024883525127767
C3.3..Somewhat.unfavorable,0.0019017734580931568
LA204.4..Strongly.support.Republicans,0.0018730847853047938
L195_3,0.0018542153438191793
L241.5..Strongly.oppose,0.0018256051706513415
BL175.5..Strongly.disagree,0.0017533301169970076
C247.3..A.little,0.001703461792869987
L294.09..8,0.001686847474377169
BLA207.2..Somewhat.agree,0.001639796393644803
C337.3..Stay.the.same,0.0016028722392614522
S6,0.001594936316766565
EC2011_PERCENTLABORFORCE,0.0015622357647814087
C15.3..Someone.else,0.001537697284234751
C115.4..Never,0.0015326967332653875
DP2015_NUMBAMERICANINDIANALASKAN,0.0015296637075328902
DP2010_NUMBERAMERICANINDIANALASK,0.0014806163452131319
SC2011_PERCENTNOTCITIZEN,0.0014734248771268083
DP2010_NUMBMEXICAN,0.001433118718169353
DP2010_PERCENTRENTALVACANCY,0.0014047644685945182
C6.3..Somewhat.unfavorable,0.0013934618134741844
DP2000_PERCENTHOUSEHOLDSW65OROLD,0.0013864142440027343
DP2000_NUMBAMERICANINDIANALASKAN,0.00137428458249697
BL89.4..No,0.0013706923435414867
DP2010_PERCENTSINGLEMOTHERHOUSEH,0.001363265998919597
SC2011_PERCENTEDUCAA,0.0013629779687564607
DP2015_PERCENTOTHERRACE,0.0013612821958909511
EC2015_PERCENTINC75K_99K,0.001351504812029579
DP2015_NUMBMEXICAN,0.0013505784076544044
AGE,0.0013498897629545
DP2000_PERCENTRENTALVACANCY,0.0013402509244472304
EC2015_PERCENTINC50K_74K,0.0013397549425163114
EC2011_PERCENTNOTLABORFORCE,0.001336815823988085
SC2000_PERCENTEDUCAA,0.0013298786053478492
L268.2..A.major.problem,0.0013250643360384173
SC2011_PERCENTEDUCSOMECOLLEGE,0.001324157210836102
DP2000_NUMBWHITENONHISP,0.0013241277056783316
C246.3..A.little,0.0013228198361883103
C349_3,0.0013200197332873256
DP2010_PERCENTHOUSEHOLDW65YEARSO,0.0013126309767690515
C31.4..Somewhat.Conservative,0.0013121232461656411
C113.4..Never,0.0013090965663008687
EC2011_PERCENTCOMMUTINGALONE,0.0013067364050238705
EC2015_PERCENTINC25K_34K,0.0012992204469501958
C11.4..Very.unfavorable,0.0012969393649245216
L366.5..Not.at.all.worried,0.0012896696605744142
SC2000_PERCENTEDUCSOMECOLLEGE,0.0012770302452072032
DP2000_NUMBASIANOTHER,0.0012727569693338006
DP2015_PERCENTMEXICAN,0.0012647520666551814
L268.5..Not.a.problem.at.all,0.0012646355549429525
HC2015_PERCENTHOUSESBUILTBEFORE1,0.001259035797599271
EC2015_NUMBLABORFORCE,0.0012456548390547668
DP2010_PERCENT18OLDER,0.0012380340737772068
DP2000_PERCENTOTHERRACE,0.0012379700577232183
DP2010_TOTALHOUSINGUNITS,0.0012354079206996986
DP2010_PERCENTOTHERHISP,0.0012346262262179057
SC2011_PERCENTFOREIGNBORN,0.00123336864856389
DP2015_NUMBEROTHERRACE,0.0012306070552977086
EC2011_PERCENTINC25K_34K,0.0012269677775017262
SC2015_PERCENTEDUCAA,0.0012249589889232965
EC2015_PERCENTINC10K_14K,0.0012244842552373775
SC2011_PERCENTEDUC9_12NODIP,0.001223021565810651
C5.2..Somewhat.favorable,0.0012120311557902886
DP2015_PERCENTWHITE,0.0012081617186729917
DP2010_TOTALPOPULATION,0.0011973696701215479
C45.4..Disagree,0.001197324097585709
EC2015_PERCENTCOMMUTEWALKING,0.0011971277477583078
DP2010_PERCENTHOUSEHOLDMARRIEDWK,0.0011920752351688671
C130.2..No,0.0011908865339793615
DP2000_PERCENTHOUSEHOLDSVACANT,0.0011899468869795314
DP2000_PERCENTWHITE,0.001189360400249043
DP2000_PERCENTWHITENONHISP,0.0011885354700650048
DP2010_PERCENTWHITE,0.0011879768417911221
SC2000_PERCENTEDUCHIGHSCHOOLGRAD,0.0011815633127351096
EC2000_PERCENTINC25K_34K,0.0011752613350088125
DP2010_PERCENTHOUSEHOLDMARRIED,0.0011747274557460967
DP2000_PERCENT65OLDER,0.0011745229940263806
LOG_POPDENSITY_ZIP,0.0011719513249008509
SC2011_PERCENTEDUCHIGHSCHOOLGRAD,0.0011701629278116801
SC2011_PERCENTNATIVEBORN,0.0011683286427065318
SC2015_PERCENTFOREIGNBORN,0.0011681768633284944
DP2010_NUMBMALE,0.0011636724683736542
HC2011_PERCENTHOMESBUILTBEFORE19,0.0011616334100778601
DP2010_PERCENTHOUSEHOLDSWCHILDUN,0.0011606376665641543
EC2011_PERCENTINC50K_74K,0.0011584140241992175
DP2010_NUMBKOREAN,0.001156654524883945
DP2000_NUMBOTHERRACE,0.0011555488103349337
DP2010_PERCENTHOUSINGVACANT,0.0011552274389287098
DP2010_NUMBOTHERRACE,0.0011512943229535768
HC2000_PERCENTHOUSESBUILTBEFORE1,0.0011499625432979373
DP2000_NUMBBLACK,0.0011482068926733857
EC2000_PERCENTNOTLABORFORCE,0.001144936389000005
DP2000_PERCENTHOUSEHOLDSSINGLEFE,0.001143435158732409
C349_2,0.001142995385964314
HISP2010_NUMBDOMINICAN,0.0011428739964238993
DP2000_PERCENT18OLDER,0.001140810263571453
DP2015_03_PERCENT18OLDERFEMALE,0.001140334329781835
DP2015_PERCENTBLACK,0.0011393290445714406
EC2011_PERCENTINC35K_49K,0.0011380990641441959
DP2000_TOTALNUMBHOUSEHOLDS,0.0011373596433230523
DP2015_NUMBOTHERHISP,0.0011372936403761234
DP2015_NUMBASIANFILIPINO,0.0011356709595386333
DP2015_PERCENTHISP,0.0011340274540042078
SC2000_PERCENTEDUC9_12NODIPLOMA,0.0011327772181449673
EC2015_PERCENTLABORFORCE,0.0011300809980603814
DP2000_PERCENTHOUSEHOLDFAMILYWKI,0.0011239080588619258
DP2000_PERCENTHOUSEHOLDSOCCUPIED,0.0011226491481393457
L301.5..Strongly.Disagree,0.0011199794781489943
SC2015_PERCENTNOTCITIZEN,0.0011193840527128672
EC2011_PERCENTINC75K_99K,0.0011193029788021693
SC2015_PERCENTLANGUAGENONENGLISH,0.0011180108548598374
DP2010_NUMBASIAN,0.0011170210068760663
HC2011_MEDIANGROSSRENT,0.0011161047209174932
DP2015_PERCENTFEMALE,0.0011145232213185061
DP2000_PERCENTMALE,0.001113295861657132
DP2000_NUMBMEXICAN,0.0011119671572087364
EC2000_PERCENTCOMMUTEWALK,0.0011088805099672059
DP2010_PERCENTMALE,0.0011086841482807594
EC2011_PERCENTINCLESSTHAN10K,0.0011065059429053348
HISP2010_NUMBGUATEMALAN,0.0011062543771730487
DP2000_PERCENT18OLDERFEMALE,0.0011049359631857853
DP2000_MEDIANAGE,0.0011026160772736307
DP2010_PERCENT18OLDERFEMALE,0.0011020969412445635
SC2015_PERCENTEDUCLESSTHANGRADE9,0.0010974235784509093
EC2011_PERCENTUNEMPLOYED,0.0010967481231691461
BL173.5..Strongly.disagree,0.0010965470037210773
DP2000_NUMBWHITE,0.0010932133737613142
EC2015_PERCENTCOMMUTEALONE,0.0010930244871279987
DP2015_PERCENTWHITENONHISP,0.001091931748621422
EC2015_PERCENTINC35K_49K,0.0010919289158127486
EC2015_MEDIANHHINC,0.001089545480621456
DP2010_NUMBHAWAIIANPACIFICISLAND,0.001088599413575133
DP2000_PERCENTHOUSEHOLDSW18ORYOU,0.0010872573933779204
C338.2..Increase,0.001086756478853648
DP2015_NUMBWHITE,0.0010850991463402847
DP2010_NUMBPUERTORICAN,0.0010845592165296685
SC2015_PERCENTNATIVEBORN,0.0010840850173763096
DP2015_PERCENT18OLDER,0.0010835835634123109
DP2015_NUMBHISP,0.0010811650061232658
C349_1,0.0010794521688446022
DP2000_PERCENTMEXICAN,0.0010774837175164128
HISP2000_PERCENTCENTRALAMERICAN,0.0010772142652064709
DP2010_TOTALHOUSEHOLD,0.0010770045774333831
DP2015_MEDIANAGE,0.0010746426255422562
DP2015_NUMBNOTHISP,0.0010726030228840567
C41.2..Agree,0.0010719008066398764
L300.4..Somewhat.oppose,0.0010717530569172673
EC2000_PERCENTFAMILIESBELOWPOVER,0.0010716754467918698
DP2000_PERCENTOTHERHISP,0.0010682113424453528
EC2000_PERCENTCOMMUTEALONE,0.0010635850138194691
DP2015_NUMBWHITENONHISP,0.0010625690594148638
DP2000_NUMBNONHISP,0.0010611267817321945
DP2010_PERCENTFEMALE,0.001059976748052104
HISP2000_NUMBSAMERICAN,0.001058500546821321
EC2015_PERCENTINC15K_24K,0.0010574953230751045
EC2011_PERCENTCOMMUTINGWALKING,0.0010574600152428424
EC2000_PERCENTINC35K_49K,0.0010566065863657514
DP2010_NUMBCUBAN,0.0010553702129286226
DP2000_TOTALPOP,0.0010540642450686559
DP2010_NUMBFEMALE,0.0010537652272797507
EC2011_MEDIANHHINC,0.001053128763663007
DP2000_NUMBOTHERHISP,0.0010520171728872153
SC2011_PERCENTLANGUAGENONENGLISH,0.0010476850231693764
DP2000_NUMBCUBAN,0.0010473474125223833
DP2010_PERCENTNONHISPWHITE,0.0010473078893825183
EC2011_PERCENTEMPLOYED,0.0010472256885957526
EC2000_PERCENTINC50K_74K,0.0010455209527907528
SC2011_PERCENTLANGUAGEENGLISHONL,0.0010451903111983049
BL96.4..No,0.0010451850456535234
DP2010_NUMBASIANOTHER,0.001044009274249175
EC2011_PERCENTINC15K_24K,0.0010434375180030566
DP2015_PERCENTOTHERHISP,0.0010420407244537146
HC2000_MEDIANHOUSEVALUE,0.0010358029982475375
EC2000_PERCENTEMPLOYED,0.0010336847392740957
DP2015_03_PERCENT18OLDERMALE,0.0010330360255002035
SC2000_PERCENTEDUCGRADUATEPROFDE,0.001032604271748278
DP2000_NUMBASIANINDIAN,0.0010324357558273915
DP2000_PERCENTHOUSEHOLDSMARRIED,0.0010312518425557645
EC2000_PERCENTINC100K_149K,0.001027714472341455
SC2015_PERCENTEDUCSOMECOLLEGE,0.0010271304998854753
EC2015_PERCENTINC100K_149K,0.0010258063421711208
DP2010_AVGFAMILYSIZE,0.001024340251710148
DP2010_PERCENTHOMEOWNERVACANCY,0.0010235440378682185
L266.4..Neither.party.is.better.than.the.other,0.0010221609389682218
DP2000_PERCENTHOUSEHOLDFAMILIES,0.0010198516358781106
DP2010_NUMBNOTHISP,0.0010196542067137312
DP2010_PERCENTOTHERRACE,0.0010169954733986722
EC2015_PERCENTINC150K_199K,0.00101694673018224
C339.2..Increase,0.0010169284081132542
EC2000_MEDIANFAMILYINC,0.0010157604001144404
SC2000_PERCENTEDUCHSORHIGHER,0.0010146371874532566
DP2010_NUMBWHITE,0.0010120069081055764
L219.4..Somewhat.agree,0.0010119226108393205
DP2000_PERCENTHOMEOWNERVACANCY,0.0010117155290307405
EC2015_MEANHHINC,0.001010609827911986
DP2015_NUMBASIANOTHER,0.0010091673985160071
C129.3..Christian,0.0010066383915338104
DP2010_NUMBERASIANCHINESE,0.0010050219864133954
DP2000_02_PERCENTHOUSEHOLDSMARRI,0.0010047419228271766
EC2011_PERCENTFAMILIESWKIDSBELOW,0.0010013573934129956
DP2010_NUMBOTHERHISP,0.0009978996055314353
EC2015_01_MEDIANFAMILYINC,0.0009978216241575246
DP2010_PERCENTNOTHISP,0.000997232087691192
DP2010_MEDIANAGE,0.0009963473877842523
DP2000_NUMBERHAWAIIANPACIFICISLA,0.0009960244650927658
SC2000_PERCENTLANGUAGENONENGLISH,0.0009959901334145199
DP2015_PERCENTNOTHISP,0.0009949623744856292
DP2010_NUMBERASIANINDIAN,0.0009932155387062309
EC2011_PERCENTALLPEOPLEBELOWPOVE,0.0009906438308702789
DP2000_PERCENT18OLDERMALE,0.0009851527760337056
HC2015_MEDIANGROSSRENT,0.0009814625459029988
HISP2000_NUMBHONDURAN,0.000980568867649976
HISP2000_NUMBCOLOMBIAN,0.0009798209810430824
DP2010_PERCENTASIAN,0.000978751739199539
HISP2010_NUMBNICARAGUAN,0.0009772410676398195
HISP2000_NUMBDOMINICAN,0.0009771972030551258
EC2011_MEDIANINCFULLTIMEFEMALE,0.0009736446279751356
SC2000_PERCENTLANGUAGEENGLISHONL,0.0009727262089014033
DP2000_NUMBASIAN,0.0009660975458315869
DP2010_AVGHOUSEHOLDSIZE,0.000965681906525905
EC2011_MEANHHINC,0.0009630624897388808
SC2000_PERCENTFOREIGHBORN,0.0009622674321631454
HC2000_MEDIANGROSSRENT,0.0009621584708522309
HC2015_MEDIANHOMEVALUE,0.0009617728601899243
EC2000_PERCENTALLPEOPLEBELOWPOVE,0.0009607829509359264
EC2000_PERCENT75K_99K,0.0009605111302202464
DP2010_NUMBASIANVIETNAMESE,0.0009603228318462452
DP2010_PERCENTPUERTORICAN,0.0009587793177862283
HISP2000_PERCENTCOLOMBIAN,0.0009586786577013479
DP2000_NUMBASIANJAPANESE,0.0009552870522346536
C31.2..Somewhat.Liberal,0.0009547054767293825
HISP2015_NUMBCENTRALAMERICAN,0.0009543469355156248
HISP2010_NUMBSOUTHAMERICAN,0.0009504458780415294
DP2000_PERCENTBLACK,0.0009493512508032032
DP2000_NUMBASIANKOREAN,0.0009492201656093781
HISP2010_NUMBPERUVIAN,0.0009488046908826051
DP2000_NUMBASIANVIETNAMESE,0.0009474288069435354
DP2015_NUMBBLACK,0.0009465759591059257
EC2011_PERCENTINC10K_14K,0.0009464040276432706
C141.4..Somewhat.support.deporting.these.immigrants,0.0009447490897180473
L231.4..Often.treated.unfairly,0.0009429337602859596
HISP2010_NUMBCOLOMBIAN,0.0009417799255284761
DP2010_MEDIANAGEMALE,0.000941215308533498
EC2015_PERCENTALLPEOPLEBELOWPOVE,0.0009386058922133501
DP2015_PERCENTMALE,0.0009383628136366612
HISP2010_NUMBCENTAMERICAN,0.0009362216478819959
EC2000_PERCENTLABORFORCE,0.000936214862019654
DP2010_MEDIANAGEFEMALE,0.0009358273488766312
HISP2015_NUMBCOSTARICAN,0.0009341738380182485
SC2000_PERCENTEDUCLESSTHANGRADE9,0.0009341350454605648
EC2015_MEANFAMILYINC,0.0009312689577662896
DP2010_NUMBBLACK,0.0009295017184275297
DP2000_PERCENTFEMALE,0.0009242478894272743
HISP2000_PERCENTSAMERICAN,0.0009241290260774066
EC2011_PERCENTFAMILESBELOWPOVERT,0.00092214170869039
HISP2015_NUMBHONDURAN,0.0009208381405242259
HISP2010_NUMBHONDURAN,0.0009196492629880738
EC2000_PERCENTINCLESSTHAN10K,0.0009192167151236806
SC2011_PERCENTEDUCBA,0.0009179558550260786
HISP2010_PERCENTSALVADORAN,0.0009161963853363193
DP2015_TOTALPOP,0.0009157681575527811
HC2011_MEDIANHOMEVALUE,0.0009149480994544672
EC2015_PERCENTFAMILIESWKIDSBELOW,0.0009146517387510404
DP2010_PERCENTAMERICANINDIANALAS,0.000911266162779258
DP2010_PERCENTHOUSINGOCCUPIED,0.0009108533425184904
EC2015_PERCENTINCELESSTHAN10K,0.0009105790162586123
DP2000_PERCENTAMERICANINDIANALAS,0.0009094880158349643
HISP2000_NUMBCENTRALAMERICAN,0.0009094587764276287
DP2015_PERCENTPUERTORICAN,0.0009081654172303345
EC2011_MEDIANINCFULLTIMEMALE,0.0009073035624587389
DP2000_PERCENTHISP,0.0009070617348989565
SC2015_PERCENTEDUCGRADUATEPROFDE,0.0009059484333859368
DP2010_PERCENTHOUSEHOLDWUNDER18Y,0.0009057264449042107
DP2015_NUMBASIANVIETNAMESE,0.0009053826111529368
EC2000_PERCENTUNEMPLOYED,0.0009036630417120073
HISP2010_NUMBPANAMANIAN,0.0008968688973175628
DP2015_NUMBPUERTORICAN,0.0008946247673486537
DP2000_NUMBASIANFILIPINO,0.0008941351570805827
DP2000_NUMBPUERTORICAN,0.0008935775088464499
DP2015_NUMBASIAN,0.000892389384719971
DP2015_NUMBHAWAIIANPACIFICISLAND,0.0008920728887412306
DP2010_PERCENTBLACK,0.0008919604500065992
SC2000_PERCENTNATIVEBORN,0.0008919049470719821
DP2010_PERCENTSINGLEFATHERHOUSEH,0.0008911525384128566
EC2000_PERCENTINC150K_199K,0.0008910271144409441
SC2015_PERCENTEDUCBA,0.0008898189986449993
L46.3..Neither.party.is.better.than.the.other,0.0008894052893488554
DP2010_NUMBNONHISPWHITE,0.0008867889059103551
HISP2015_NUMBSALVADORAN,0.0008864892736276095
SC2011_PERCENTEDUCGRADUATEPROFDE,0.0008818203208965517
EC2011_PERCENTINC100K_149K,0.0008798332720660534
EC2000_PERCENTINC10K_14K,0.0008778494909918449
EC2000_MEDIANINCFULLTIMEMALE,0.0008769962311000558
DP2000_NUMBHISP,0.0008756117431090658
HISP2015_NUMBSAMERICAN,0.0008744216597177854
HISP2000_NUMBGUATEMALAN,0.0008729089849416474
DP2010_PERCENT18OLDERMALER,0.0008728979267579889
DP2000_AVERAGEFAMILYSIZE,0.0008712835429088046
EC2015_MEDIANINCFULLTIMEFEMALE,0.000870172176888733
EC2015_PERCENTFAMILIESBELOWPOVER,0.000869048090470802
C349_5,0.0008681710713511416
DP2015_PERCENTASIAN,0.0008679847521843448
DP2015_NUMBASIANCHINESE,0.0008665017589420278
SC2015_PERCENTEDUCBAORHIGHER,0.0008649139105531422
DP2000_NUMBASIANCHINESE,0.0008634597326186517
SC2000_PERCENTNOTCITIZEN,0.0008595033591558449
HISP2010_NUMBSALVADORAN,0.0008592416447442884
HISP2000_NUMBSALVADORAN,0.000858849465991764
EC2000_PERCENTINC200K_MORE,0.0008559531401571543
HISP2015_NUMBCOLOMBIAN,0.0008507441318975369
HISP2010_NUMBVENEZUELAN,0.0008495147961747555
DP2010_NUMBASIANFILIPINO,0.0008467368318709284
DP2000_AVERAGEHOUSHOLDSIZE,0.0008429612670193501
C256.2..No,0.0008405341128419762
SC2000_PERCENTEDUCBAORHIGHER,0.0008391848370797874
DP2010_NUMBJAPANESE,0.0008375792409191994
SC2015_PERCENTEDUC9_12NODIPLOMA,0.000837472295488389
DP2015_PERCENTAMERICANINDIANALAS,0.0008345447129329893
SC2011_PERCENTEDUCHSORHIGHER,0.000832634642589599
EC2011_PERCENTINC200K_MORE,0.000830818359130585
HISP2015_NUMBECUADORIAN,0.0008283373657728733
HISP2010_NUMBCHILEAN,0.0008276669050653727
SC2015_PERCENTEDUCHIGHSCHOOLGRAD,0.0008264505194670831
HISP2010_PERCENTSOUTHAMERICAN,0.0008220262221568464
HISP2015_NUMBPERUVIAN,0.0008204203611811644
C3.2..Somewhat.favorable,0.0008189179435195133
DP2015_NUMBASIANINDIAN,0.0008174140847718969
BLA191.04..Not.at.all,0.0008109080320638871
HISP2000_PERCENTSALVADORAN,0.0008103740586405873
HISP2000_PERCENTHONDURAN,0.0008069044979466735
DP2010_PERCENTMEXICAN,0.0008066622831259318
HISP2000_PERCENTGUATEMALAN,0.000803025226022804
SC2000_PERCENTEDUCBA,0.0008030071957701993
DP2015_NUMBASIANJAPANESE,0.0008027401368925366
C142.4..Bothers.me.a.little,0.0008018983926037228
DP2000_PERCENTASIANOTHER,0.0007989293608174605
DP2015_NUMBASIANKOREAN,0.0007975471576961156
EC2000_PERCENTINC15K_24K,0.0007975215594650838
HISP2000_NUMBCOSTARICAN,0.0007965397770567874
DP2010_NUMBHISP,0.0007940388183700666
HISP2010_NUMBECUADORIAN,0.0007902654911179573
C8.3..Somewhat.unfavorable,0.000790162082719128
L267.4..Neither.party.is.better.than.the.other,0.000787986386578821
HISP2000_NUMBCHILEAN,0.0007878143919042436
EC2000_MEANHHINCE,0.0007867563342666206
SC2015_PERCENTEDUCHSORHIGHER,0.000785582570120063
HISP2010_PERCENTHONDURAN,0.0007823376746668644
C349_4,0.0007822156314841919
L21.5..Not.at.all,0.0007813054552094873
EC2000_PERCENTFAMILYWKIDSBELOWPO,0.0007800367766041961
HISP2000_NUMBPERUVIAN,0.0007785829986575237
HISP2000_NUMBNICARAGUAN,0.000777715887980374
EC2000_MEDIANINCFULLTIMEFEMALE,0.0007763066859517549
DP2010_PERCENTASIANINDIAN,0.0007762311363498092
DP2015_PERCENTASIANOTHER,0.0007754033984479684
LA202_1,0.0007737323987959794
EC2015_PERCENTINC200K_MORE,0.0007717783967728739
C9.2..Somewhat.favorable,0.0007636947364424025
EC2015_MEDIANINCFULLTIMEMALE,0.000762500005235806
HISP2000_PERCENTECUADORIAN,0.0007609615265339769
C115.2..Often,0.0007605233074457296
BL229.02..Somewhat.effective,0.0007484143756986468
C42.5..Strongly.disagree,0.0007466793599465701
EC2011_MEANFAMILYINC,0.0007463671837398377
DP2015_NUMBCUBAN,0.0007403824492915898
DP2000_PERCENTASIANFILIPINO,0.0007375225709819957
SC2015_PERCENTLANGUAGEENGLISHONL,0.0007341552092194264
HISP2010_NUMBCOSTARICAN,0.0007341238208062368
DP2010_PERCENTASIANOTHER,0.0007331227751551404
HISP2015_NUMBGUATEMALAN,0.0007310390925269662
DP2010_PERCENTCUBAN,0.0007299755155697775
HISP2000_NUMBVENEZUELAN,0.0007268569398211184
L302.04..Not.at.all,0.0007249878093932595
DP2010_PERCENTHISP,0.00072368504604781
HISP2015_NUMBDOMINICAN,0.0007210245191302292
HISP2015_NUMBCHILEAN,0.0007174088170390675
HISP2000_NUMBOTHERCENTRALAMERICA,0.000713620629405255
C243.4..None.at.all,0.0007126200053365786
HISP2010_NUMBARGENTIANEAN,0.0007124530642358376
SC2011_PERCENTEDUCBAORHIGHER,0.0007117561560687148
C244.3..A.little,0.0007079076998586036
DP2000_PERCENTCUBAN,0.0007005290326313376
C150.2..No,0.0006943166819115913
BL88.3..Maybe,0.0006940454062615123
DP2015_PERCENTCUBAN,0.0006932173820897321
HISP2000_NUMBPANAMANIAN,0.0006927188505112129
C56.2..No,0.0006919613914220893
HISP2000_PERCENTPANAMANIAN,0.0006914392686207281
EC2011_PERCENTINC150K_199K,0.0006911066147302458
L211B,0.000689416246688533
DP2000_PERCENTASIAN,0.0006874564266464439
DP2000_PERCENTNONHISP,0.0006828906571704757
L294.06..5...Neither.favorable.nor.unfavorable,0.0006786262077381573
HISP2010_PERCENTCENTAMERICAN,0.0006762978959766896
EC2011_MEDIANFAMILYINC,0.0006740984735903408
HISP2000_PERCENTDOMINICAN,0.0006715396501950643
HISP2000_NUMBBOLIVIAN,0.0006678270367050891
L195_2,0.0006638836812411469
LA250.4..None.at.all,0.0006637205161058029
C33.4..Not.at.all.interested.in.politics,0.0006565050258809584
HISP2015_01_NUMBPANAMANIAN,0.0006536917389142663
EC2000_MEDIANHHINC,0.0006528990935993523
HISP2000_NUMBARGENTINEAN,0.0006497949358849729
C41.3..Neither.agree.nor.disagree,0.0006497595912601788
DP2015_PERCENTASIANVIETNAMESE,0.0006494407798797261
HISP2010_NUMBBOLIVIAN,0.0006471090410389996
SC2011_PERCENTEDUCLESSTHANGRADE9,0.0006454990034122464
C228.4..Somewhat.oppose,0.000640978655593611
HISP2000_PERCENTPERUVIAN,0.0006378874937613599
DP2000_PERCENTASIANCHINESE,0.0006375727436525424
HISP2010_PERCENTECUDORIAN,0.0006340239012860879
C112.2..Often,0.0006336821821924522
BL174.2..Agree,0.0006303748727533618
DP2015_PERCENTASIANCHINESE,0.0006296832656371506
HISP2000_NUMBECUADORIAN,0.0006289416233052277
HISP2015_01_NUMBNICARAGUAN,0.0006261251933422282
HISP2010_PERCENTDOMINICAN,0.0006190434125830711
C7.5..Not.familiar.with.them,0.0006173857384976354
LA202_7,0.0006144518347039551
DP2000_PERCENTPUERTORICAN,0.0006112941586805273
L294.08..7,0.0006082147256292775
HISP2015_NUMBARGENTINEAN,0.0006068294732234922
LA250.3..A.little,0.0005992495367638527
HISP2010_NUMBOTHERSOUTHAMERICAN,0.0005992343986094583
HISP2010_NUMBURUGUAYAN,0.0005968619701088838
BLA190.04..Not.at.all,0.0005961568067135548
DP2000_PERCENTHAWAIIANPACIFICISL,0.0005952248314006342
HISP2000_PERCENTARGENTINEAN,0.0005891342064211572
C272,0.0005798868099912184
DP2000_PERCENTASIANVIETNAMESE,0.000576589447773706
C255.2..No,0.0005748825919042092
HISP2010_PERCENTGUATEMALAN,0.0005659973807087503
DP2015_PERCENTASIANFILIPINO,0.0005634717343734175
LA202_5,0.0005590483176244588
DP2010_PERCENTHAWAIIANPACIFICISL,0.0005574374869428326
HISP2010_PERCENTNICARAGUAN,0.0005515333184819366
C1_10,0.0005489156461824564
C287.4..Poor.job,0.000548530685008232
HISP2010_PERCENTCOLOMBIAN,0.0005482304992638153
DP2015_PERCENTASIANKOREAN,0.0005470961803911864
DP2000_PERCENTASIANINDIAN,0.0005460592191156873
DP2015_PERCENTHAWAIIANPACIFICISL,0.0005434739484714194
L300.5..Strongly.oppose,0.0005428180516636572
C109.4..Not.at.all.as.an.outsider,0.0005413933435901386
HISP2010_NUMBOTHERCENTAMERICAN,0.000539574672502369
BLA205.3..Somewhat.disagree,0.0005383553575562061
DP2015_PERCENTASIANINDIAN,0.0005379196135129624
HISP2000_NUMBOTHERSAMERICAN,0.0005376880854571931
BL95.4..No,0.0005364321160675323
L230.02..No,0.000536160321278431
DP2010_PERCENTASIANVIETNAMESE,0.0005359337460439392
C110.4..Never,0.000530528232997177
HISP2000_PERCENTCOSTARICAN,0.0005285227741578623
DP2010_PERCENTASIANFILIPINO,0.0005258485789991174
HISP2015_NUMBVENEZUELAN,0.0005236965537462359
C158.88..Don.t.know,0.000522813738175208
LA202_6,0.0005214522065375955
HISP2000_PERCENTOTHERCENTRALAMER,0.0005203265227618814
C43.5..Strongly.disagree,0.0005187296949437857
DP2010_PERCENTKOREAN,0.0005167236507580531
HISP2000_PERCENTNICARAGUAN,0.0005161972369878254
HISP2015_NUMBPARAGUAYAN,0.0005108458680074897
DP2000_PERCENTASIANKOREAN,0.0005044095534884516
C44.3..Neither.agree.nor.disagree,0.0004998600235395999
BLA206.2..Somewhat.agree,0.0004963189650600945
C25.3..Independent,0.0004956756808575925
C110.2..Very.often,0.0004911781415388777
L290.5..Strongly.Disagree,0.0004906078731967511
C84.88..Don.t.Know,0.00048117741418751876
HISP2000_PERCENTCHILEAN,0.00048020419982887233
L290.3..Neither.Disagree.or.Agree,0.0004749782165488309
DP2010_PERCENTJAPANESE,0.00047115949492944434
C2.2..Somewhat.favorable,0.0004704393715785518
C4.3..Somewhat.unfavorable,0.0004664725115238063
LA202_3,0.00046562078857963993
C23.2..Getting.a.little.better,0.0004643544947886434
LA202_4,0.0004635128751710305
S10.06..Cuba,0.0004626036697329889
BLA208.4..Strongly.disagree,0.0004586717929448572
HISP2015_NUMBBOLIVIAN,0.0004582718396021286
L293.06..5...Neither.favorable.nor.unfavorable,0.00045714799790349056
HISP2000_PERCENTVENEZUELAN,0.0004498480181578406
HISP2010_NUMBPARAGUAYAN,0.0004478445107567452
DP2010_PERCENTASIANCHINESE,0.0004476899213820063
C141.3..Strongly.support.deporting.these.immigrants,0.00044701789211210144
DP2015_PERCENTASIANJAPANESE,0.00043365918551096177
C7.3..Somewhat.unfavorable,0.0004320740377301575
HISP2015_NUMBURUGUAYAN,0.00042640451466233306
HISP2015_NUMBOTHERCENTRALAMERICA,0.0004213823549173764
C1_11,0.0004210920234822496
L294.05..4,0.00042026250272908934
BLA146.3..Will.not.achieve.racial.equality.in.your.lifetime,0.0004185841616640892
C41.4..Disagree,0.0004183393751581722
C389.2..Homeowner,0.0004161926862928853
C6.5..Not.familiar.with.them,0.0004159296070428503
HISP2000_NUMBURUGUAYAN,0.00041242698910341617
L301.4..Somewhat.Disagree,0.00040868143730376925
C74.04..Not.at.all.important,0.000405350857239525
L241.4..Somewhat.oppose,0.00040317926473568626
C113.2..Often,0.00040281950961891766
C112.3..Sometimes,0.0004007431214784665
C249.3..A.little,0.00039428939464990995
L299.2..Agree,0.00039094488843710535
BLA205.4..Strongly.disagree,0.0003885667098611509
HISP2010_PERCENTPERUVIAN,0.00038383166775734953
C228.2..Somewhat.support,0.00038232159623875295
L294.11..10...Extremely.favorable,0.00037855386235238997
C107.4..Not.at.all.belong,0.0003780702120398384
LA202_2,0.00037690116583956616
BL171.5..Not.important.at.all,0.00037545390677528326
C339.3..Stay.the.same,0.00037190703207854803
C25.4..Other.party,0.0003702110859695026
HISP2010_PERCENTARGENTINEAN,0.00036738971675934434
C258.2..No,0.0003650651449149515
L300.3..Neither.support.or.oppose,0.0003640953158616843
C5.3..Somewhat.unfavorable,0.0003632945628399789
BLA191.03..Not.much,0.00036305808401488325
L293.09..8,0.0003601640766329293
BL175.2..Agree,0.00035468726983902814
DP2000_PERCENTASIANJAPANESE,0.00035385101906246886
C47.2..Most.of.the.time,0.0003523295220486766
C42.4..Disagree,0.0003513669018047239
C273,0.00035077511539888305
L198.2..Somewhat.Agree,0.0003498067218797104
C222.3..Not.very.important,0.00034890706985677756
C251.2..No,0.00034853120085295684
HISP2010_PERCENTCOSTARICAN,0.00034719688560846257
C228.3..Neither.support.or.oppose,0.00034631359223942596
LA203.3..Somewhat.supports.Republicans,0.00034504887221125876
C340.2..Increase,0.00033918287965473934
HISP2015_NUMBOTHERSAMERICAN,0.00033913500238699247
C246.2..Some,0.00033817397344109156
C140.4..Not.Similar.At.All,0.0003361273878439711
C38.2..They.should.be.allowed.to.stay.in.their.jobs..but.temporarily,0.00033382026159972775
C221.3..Somewhat.likely,0.000331706190821069
HISP2010_PERCENTVENEZUELAN,0.0003314932730244722
BL173.4..Disagree,0.0003311686062502716
HISP2000_NUMBPARAGUAYAN,0.00032975880825398255
URBANICITY9,0.00032586906330106725
BL172.4..None,0.00032551858999352166
L20.3..Some,0.00032498495142270083
C388.88..Don.t.know,0.0003221240710796171
L195_1,0.0003192201569003956
BL92.4..No,0.00031857138557515424
C42.3..Neither.agree.nor.disagree,0.00030978095111271214
C245.4..None.at.all,0.0003069007418575799
C1_7,0.00030623795639314367
C262.04..4,0.00030619292178973173
C119.2..Most.of.the.time,0.00030607769676043833
C44.2..Agree,0.00030414750108331145
BLA146.2..Will.soon.achieve.racial.equality,0.0003031230739093632
BL87.3..Maybe,0.0003011398316144564
L364.2..No,0.0003005774864612065
C45.3..Neither.agree.nor.disagree,0.0002959045418468065
HISP2010_PERCENTCHILEAN,0.0002935379946891751
C8.5..Not.familiar.with.them,0.00029180479806007544
L299.3..Disagree,0.0002901833579916969
C329.2..No,0.000287301989552021
C142.2..Somewhat.support,0.00028671143183442254
C381.2..Some.high.school,0.00028650244382505885
C141.2..Somewhat.support.pathway.to.citizenship,0.0002826152270649819
BL227.3..Not.too.well,0.0002808552704494872
C226.3..A.little,0.00027959061403707875
L212.3..Somewhat.disagree,0.00027150962851159316
C221.2..Not.very.likely,0.0002714416014335776
BLA207.3..Somewhat.disagree,0.00027026934204537
C245.2..Some,0.00026925927550947677
C114.2..Often,0.00026923560001022775
S5.2..No..not.registered,0.00026817407411832057
C249.2..Some,0.00026523560481561264
HISP2000_PERCENTBOLIVIAN,0.0002649555395715899
C391_12.3..Never.served.in.military,0.00026487696533707546
C1_13,0.000263933822318643
L215.88..Don.t.Know,0.0002638282173166308
L217.7..Extremely.well,0.00026343000930728594
C47.4..Never.at.all,0.0002632518790886336
L209.2..Moderate.amount,0.00026240022406427417
C265_2,0.0002594868529549103
C11.2..Somewhat.favorable,0.00025840449400030225
C281.3..No,0.0002570049528323672
BLA190.03..Not.much,0.00025395127918421295
BLA146.4..Will.never.achieve.racial.equality,0.0002536895549855179
L301.2..Somewhat.Agree,0.00025333990789661265
L270.3..Neither.try.to.hide.nor.emphasize.my...S2...ethnicity,0.00025287410574376367
C72.88..Don.t.Know,0.000251966679078787
HISP2000_PERCENTURUGUAYAN,0.0002511099341162066
C226.4..Nothing.at.all,0.00025066109733034073
C137.4..Not.Similar.At.All,0.00024986785317379694
C243.3..A.little,0.00024759446178307084
HISP2000_PERCENTOTHERSAMERICAN,0.0002473805932427318
C322.4..Never,0.0002470457407074134
C239.2..Somewhat.important,0.00024666332975950805
LA203.7..I.don.t.know.where.they.stand,0.000243865640486715
S1.1..English,0.0002437461519539476
BL173.3..Neither.agree.nor.disagree,0.0002435135103446101
C245.5..Don.t.know,0.00024165695221032822
C31.6..None.of.these,0.00024133165295302437
C361.4..Fair,0.0002398492494908243
C244.2..Some,0.0002390080824187618
C33.3..Not.that.interested.in.politics,0.00023873737165309972
BL93.3..Maybe,0.00023795865693989422
BL171.3..As.important.as.other.activities,0.00023740154760149858
C326.4..Never,0.00023734509932895042
C380.3..Don.t.know,0.00023695931535780624
C137.2..Somewhat.Similar,0.00023623246593632645
L232.2..Worried.some,0.0002361982989420727
C319.3..Occasionally,0.0002358615075491864
C382F.3..High.school.graduate.or.GED,0.00023485910626398738
C120.2..Most.of.the.time,0.0002344409823109225
C330.2..No,0.00023345735470416606
C84.02..No..no.one.has.ever.suggested,0.0002330103819917253
L22.5..Not.at.all,0.00023168800167403203
C120.5..Never,0.0002316477411856548
C111.2..Often,0.00023127528370452637
S3.2..Male,0.00022968547730607914
BL174.3..Neither.agree.nor.disagree,0.00022950072702674764
C222.2..Somewhat.important,0.000229247016961821
L266.3..Both.equally,0.00022921322029013138
C131.5..Hardly.ever,0.0002283551999166632
C108.3..Somewhat.disagree,0.00022760926247293443
C385.3..Married,0.00022655995883898234
C66.2..No,0.00022630832394286314
HISP2010_PERCENTPANAMANIAN,0.00022607099912659115
C109.3..Slightly.as.an.outsider,0.00022531624552493346
C391_4.2..A.veteran,0.0002251296869808647
L269.3..Language.skills.of.Hispanics.Latinos,0.00022425196776504415
L267.3..Both.equally,0.0002233220414564362
C137.3..Not.Very.Similar,0.0002232891746461623
C233.4..Not.at.all.effective,0.00022292312875219977
L294.03..2,0.0002223828306470486
C334.3..Somewhat.oppose,0.000222342990731613
C351.2..Very.good,0.00022217643339012913
BL89.2..Yes..somewhat,0.00022166332209597208
C361.2..Very.good,0.00022113047166138962
L302.88..Don.t.Know,0.00022016228617522163
BL95.3..Maybe,0.0002200251008691243
C119.4..Rarely,0.00021936286009080792
L231.3..Sometimes.treated.unfairly,0.00021935942395724808
C43.2..Agree,0.0002189076658634608
BL87.2..Yes..somewhat,0.00021841983457635648
C121.3..Neither.agree.nor.disagree,0.00021818254649904638
C240.4..Not.at.all,0.0002180985454035048
L209.4..None.at.all,0.00021779446796242746
L20.5..Not.at.all,0.000217359110901386
L271.2..Very.accurately,0.00021657862461111642
C392.3..I.do.not.have.a.state.issued.photo.ID,0.00021607281582732124
L299.4..Strongly.disagree,0.00021587001810922834
L268.4..A.minor.problem,0.00021579116657235685
L268.3..A.moderate.problem,0.00021560918290213584
BLA190.88..Don.t.Know,0.00021481224859875065
LA203.5..Considers.themselves.Independent,0.00021407400552222154
C49.2..No,0.00021405514944356372
LA193.3..Not.very.important,0.00021346634823923825
BLA208.3..Somewhat.disagree,0.0002130345297578038
C325.2..Sometimes,0.00021215483394536254
S7.3..Puerto.Rico,0.0002121001628532751
C236.3..Not.too.effective,0.0002120440093620897
C387.3..Good,0.00021175292048148026
L215.02..U.S..should.help.other.countries,0.00021151629508494414
S10.12..Mexico,0.00021068348313044543
C224.3..Yes..I.have.done.that.two.or.more.times,0.00021054149233829805
L216.5..Like...Pronoun1_Hid....very.much,0.00021035087656184453
C287.2..Good.job,0.00021025844441192084
LA204.7..I.don.t.know.where.they.stand,0.0002099454254896947
LA200.4..Not.at.all,0.00020980664046352056
C381.3..High.school.graduate.or.GED,0.0002093051288414522
C263.7..7,0.00020920207413428554
BL229.88..Don.t.know,0.00020901243261470224
C319.4..Never,0.00020901233940182832
LA303.4..Somewhat.Disagree,0.00020835815161706717
C323.4..Never,0.0002080859903655487
L220.4..Somewhat.agree,0.00020732416767294838
C107.2..Moderately.belong,0.00020665920098615796
C110.3..Rarely,0.00020486899959182154
BLA191.88..Don.t.Know,0.00020477113517332796
L220.3..Neither.agree.nor.disagree,0.00020473093257326552
C278.3..No,0.00020469940544702301
BL227.4..Not.at.all.well,0.00020417303887138036
C331.2..No,0.00020377150878635384
C244.5..Don.t.know,0.00020375425531017494
C221.4..Very.likely,0.0002028516862583682
C9.3..Somewhat.unfavorable,0.00020240938500809528
L295.3..Disagree,0.0002022922742158442
C324.4..Never,0.0002017438911015315
C385.2..Single.but.living.with.someone,0.00020135345220058737
BL172.2..Most,0.00020041101491703205
C11.5..Not.familiar.with.them,0.00020004319382145545
L213.3..Somewhat.disagree,0.00019958753667259936
L232.3..Only.a.little,0.00019894906586058957
C325.4..Never,0.0001989403304541315
S10.13..Nicaragua,0.00019853582452524136
C317.03..Not.much.at.all,0.00019741974560010363
C348.2..Once.a.year.or.less,0.00019691865467875313
C23.3..Getting.a.little.worse,0.00019683596983636114
C386.2..Latino,0.00019664862110059305
C1_6,0.00019632872251426257
C26.2..Not.strong,0.00019627493620553253
C284.3..No,0.00019546777155934588
L241.3..Neither.support.or.oppose,0.0001953812671919291
C234.4..Not.at.all.effective,0.0001950108739923074
C391_12.2..A.veteran,0.00019407045296413668
LA193.2..Somewhat.important,0.0001940058143268838
C284.2..Yes..over.5.years.ago,0.00019350886852073063
C40.2..Agree,0.00019330708252154373
S10.17..Puerto.Rico,0.00019329316590342593
L230.88..Don.t.know,0.00019301527635099197
L220.2..Somewhat.disagree,0.00019298702118838922
C48.4..Never.at.all,0.0001925828236708177
C31.3..Moderate,0.00019222616319403214
BLA191.02..Some,0.00019105713628910322
C1_1,0.00019089739481773519
L22.2..A.lot,0.00019062374406023837
C323.2..Sometimes,0.00019028694872422336
C233.3..Not.too.effective,0.0001902274869280871
C194.2..Somewhat.important,0.0001896689545199613
BL174.4..Disagree,0.00018906318525925198
S10.20..Spain.Spanish,0.00018893728236509747
BLA208.2..Somewhat.agree,0.0001888648526114675
L298.2..Agree,0.00018850878177487633
C109.2..Moderately.as.an.outsider,0.00018842996113759336
C283.3..No,0.00018822365400618103
C223.4..It.would.not.matter.at.all,0.00018819054006757532
C335.2..Increase,0.0001878643579013128
C363.3..Neighbors.mostly.of.different.racial.or.ethnic.backgrounds,0.00018771685122917446
L220.5..Strongly.agree,0.00018702152184135414
C39.5..Strongly.disagree,0.00018675786448967094
C336.2..Increase,0.00018667191724047066
BL92.2..Yes..somewhat,0.00018624668663721146
C257.2..No,0.00018587632737631477
C264.8..8,0.00018350581028367098
C391_2.3..Never.served.in.military,0.00018317258735258486
L231.2..Sometimes.treated.fairly,0.00018304412876463672
C1_3,0.00018293240303470992
C119.3..About.half.of.the.time,0.00018291012604630642
C322.3..Occasionally,0.0001828084051054969
PRONOUN1_HID.2..her,0.00018237626081501525
C388.02..No,0.0001818085015302912
C47.3..Only.sometimes,0.00018061803702622978
LA203.2..Somewhat.supports.Democrats,0.00018048606154462573
C275.9..9...Very.comfortable,0.000180337052460977
C287.3..Fair.job,0.00017964665659578005
C382F.4..Some.college..2.year.degree,0.00017929033511169116
L366.2..Very.worried,0.0001791960686917232
C322.2..Sometimes,0.00017905616783377683
LA200.2..Some,0.00017891656227933168
C108.4..Strongly.disagree,0.00017880627876189665
C391_1.3..Never.served.in.military,0.00017863069370250225
C265_1,0.00017852633622550382
C318.88..Don.t.Know,0.00017813988537205438
LA303.5..Strongly.Disagree,0.00017806833718783942
C340.3..Stay.the.same,0.00017778441749715683
L219.5..Strongly.agree,0.00017767495586859186
C327.4..Never,0.00017721809445486877
C119.5..Never,0.00017704369790252637
C74.02..Somewhat.important,0.00017672876960263132
L302.03..Not.much,0.00017625539922255733
BL172.3..Some,0.00017601639103657465
L212.2..Somewhat.agree,0.0001759119213199582
C23.5..Staying.about.the.same,0.00017590130975873313
BL93.4..No,0.00017507856512247383
C34_3,0.00017484262129068804
LA204.5..Considers.themselves.Independent,0.00017458911545124162
C73.88..Don.t.Know,0.00017423328322117938
L22.4..A.little,0.00017383033050984837
C1_14,0.00017274279084387602
C289.2..Yes..someone.I.know,0.00017270858041549747
C327.3..Occasionally,0.0001726132587088665
C321.2..Sometimes,0.00017234948086674242
C34_4,0.00017153793402881914
C263.5..5,0.00017152311977550142
C225.3..Good,0.00017144199550875962
C226.2..Some,0.00017120502655027845
C391_9.3..Never.served.in.military,0.000170845607998167
C237.4..Bisexual,0.00017081447891963383
BL171.2..More.important.than.most,0.00017056747161773607
BL175.3..Neither.agree.nor.disagree,0.00017041327391808573
BL96.3..Maybe,0.00017040576279024464
C332.2..No,0.00017017338922088252
C60.2..No,0.00017016678185563934
BL94.4..No,0.00016963784883778472
L24.3..Watch.English...Spanish.pretty.equally,0.00016961743502567043
C48.3..Only.sometimes,0.0001692277963832234
L18.3..Not.at.all.competitive,0.0001692118187508403
C45.2..Agree,0.00016892708011848032
C114.3..Sometimes,0.0001684471657883334
C140.3..Not.Very.Similar,0.00016812615164961598
C139.4..Not.Similar.At.All,0.0001680596484725326
C44.4..Disagree,0.00016736489806186384
C4.5..Not.familiar.with.them,0.00016696450110943313
LA147.2..Agree,0.00016687116250178728
L219.3..Neither.agree.nor.disagree,0.00016656342554685714
C355.4..Fair,0.0001663657369425152
L290.2..Somewhat.Agree,0.00016622221758521278
L216DESC_HID.4..4.Manuela.L.f3.pez..has.been.described.by.her.colleagues.in.local.government.as.an.intelligent..compassionate..and.understa,0.00016601740032982037
C238.2..No,0.00016572782947608597
C118.4..Rarely,0.0001656893937762729
C377.03..Both.parents.born.in.Puerto.Rico,0.00016563617255038512
C341.2..Increase,0.00016555098391618156
PRONOUN2_HID.2..she,0.00016547306361185658
C106.4..Disagree,0.00016531147123090588
BL92.3..Maybe,0.0001650809798514564
C120.3..About.half.of.the.time,0.00016497701420085077
C381.5..4.year.college.graduate,0.0001647123024844476
C71.88..Don.t.Know,0.0001647057829457586
C324.3..Occasionally,0.00016468162020129344
C75.88..Don.t.Know,0.00016462467917169503
L219.2..Somewhat.disagree,0.0001643936802289093
C13.3..Voted.at.my.precinct.on.Election.Day,0.00016426326061512372
C34_1,0.00016388297661287262
C151.2..Some,0.00016359961616712365
BLA190.02..Some,0.00016348882576188846
A103_TREATMENTS.2..B,0.0001633615331925232
C361.5..Poor,0.00016311543237242435
C11.3..Somewhat.unfavorable,0.00016310293065749138
C244.4..None.at.all,0.00016287485876558834
C1_5,0.00016277100024693757
C67.2..No,0.00016270051782708557
C80.3..You.have.not.been.asked,0.0001623171928460902
L20.2..A.lot,0.00016219158142028123
C71.02..Somewhat.important,0.00016202400498309077
BL93.2..Yes..somewhat,0.00016146256545009145
L294.07..6,0.00016140911016157555
C318.03..Not.much.at.all,0.0001613104740102595
C392.2..I.have.a.photo.ID..but.it.is.expired,0.00016093498306815181
L21.4..A.little,0.00016083676475630885
L209.3..A.little,0.00016032285391610524
C247.2..Some,0.00015986665127248938
C43.4..Disagree,0.0001595083255746253
C62.2..No,0.00015944158663441002
C243.2..Some,0.00015904276068552659
C131.6..Never,0.00015891230287853907
C71.03..Not.that.important,0.00015870967334391954
BL87.4..No,0.0001583303022634687
C277.3..No,0.0001583192008207731
C5.5..Not.familiar.with.them,0.0001580652599420795
C72.04..Not.at.all.important,0.00015802325189007136
L294.10..9,0.0001577491302866414
BL173.2..Agree,0.0001577164695411795
C317.88..Don.t.Know,0.00015742880313630576
L271.3..Moderately.accurately,0.0001572943085471992
C194.3..Not.very.important,0.00015724010095432368
C382M.5..4.year.college.graduate,0.00015701812860939704
C355.5..Poor,0.00015686207709850902
C373.6..American.Indian.or.Alaskan.Native,0.00015672434688632643
C222.4..Not.important.at.all,0.00015600473790820956
C129.9..None,0.0001559369847239181
L218.4..Somewhat.unlikely,0.0001556881920815854
C240.3..Not.much,0.00015498126007032525
BL89.3..Maybe,0.00015488866308150764
L214.3..Somewhat.disagree,0.00015485690657624431
C351.3..Good,0.00015484904087730147
C391_7.2..A.veteran,0.00015472155811448567
LA250.5..Don.t.know,0.00015468357536234414
C115.3..Sometimes,0.00015466132549118132
BL91.4..No,0.0001545094537264961
C106.3..Neither.agree.nor.disagree,0.00015403487427925663
C363.2..Neighbors.mostly.of...S2_plural..,0.00015365909311696122
L270.5..Definitely.try.to.emphasize.my...S2...ethnicity,0.00015345257249193168
C235.4..Not.at.all.effective,0.00015342218770216762
C23.4..Getting.a.lot.worse,0.0001522274095174447
C390.2..Employed.part.time,0.0001517526793157824
C387.2..Very.good,0.00015170958432437045
C362.2..No,0.00015150038723964622
L241.2..Somewhat.support,0.00015145995825541656
C317.02..Some,0.00015139245491130237
C320.3..Occasionally,0.00015128991195295383
LA147.3..Neither.agree.nor.disagree,0.00015103981099469984
C247.4..None.at.all,0.0001510315242506757
C247.5..Don.t.know,0.0001505054180160486
L293.07..6,0.0001504779374864278
L216NAME_HID.3..Jay.Larsen,0.00015022517025636657
C391_13.3..Never.served.in.military,0.00014996797674605677
L366.3..Somewhat.worried,0.0001498003562723377
L216DESC_HID.2..2.Manuel.L.f3.pez..has.been.described.by.his.colleagues.in.local.government.as.an.intelligent..compassionate..and.understan,0.00014944584704946386
C389.3..Live.with.someone.else,0.00014943830732777375
C262.05..5,0.00014898046527949064
C76.04..Not.at.all.important,0.0001489283854762374
BL227.2..Fairly.well,0.00014842869015837225
C236.2..Somewhat.effective,0.00014819637627454314
HISP2000_PERCENTPARAGUAYAN,0.00014786301199667094
C391_8.2..A.veteran,0.00014753050387348733
C224.4..I.do.not.have.a.mobile.device.with.a.camera,0.00014682227091185126
C73.02..Somewhat.important,0.00014678160237445597
C234.3..Not.too.effective,0.00014656104919776435
L214.2..Somewhat.agree,0.00014647079782305418
L364.3..Don.t.know,0.00014637873259990686
BL91.3..Maybe,0.00014637175740804667
C281.2..Yes..over.5.years.ago,0.0001462867218643498
BL175.4..Disagree,0.00014626907885078726
C382F.5..4.year.college.graduate,0.00014622176293290664
C12.2..No..I.did.NOT.vote,0.00014605656014517976
A103_TREATMENTS.3..C,0.00014590078768958613
L19.5..No..not.at.all,0.00014572392918797743
C78.2..No,0.00014499820135246955
C9.5..Not.familiar.with.them,0.00014498234919140728
C118.5..Never,0.00014497653423535623
HISP2010_PERCENTURUGUAYAN,0.00014481450117117777
L192.3..Not.very.important,0.00014475015250362339
C326.3..Occasionally,0.00014456911043901497
HISP2010_PERCENTBOLIVIAN,0.00014411917457016207
C138.2..Somewhat.Similar,0.00014411585803216425
C357.3..Good,0.0001440566607660979
C348.7..Several.times.a.week,0.00014376423809605104
C264.6..6,0.00014349223496166804
C10.2..Somewhat.favorable,0.0001434268008808206
L192.2..Somewhat.important,0.000143072085509154
C1_4,0.00014302380278995522
C391_9.2..A.veteran,0.00014285399068891762
C383.10...100.000.to..149.999,0.0001427780109478101
L290.4..Somewhat.Disagree,0.00014262223694246816
C118.3..About.half.of.the.time,0.00014218845864360228
C338.3..Stay.the.same,0.0001421538263400462
C106.2..Agree,0.0001415095250794889
C382M.4..Some.college..2.year.degree,0.00014139005716806865
C278.2..Yes..over.5.years.ago,0.00014080808233987022
C275.4..4,0.00014066523844430225
C353.3..Good,0.00013981310598029428
C285.2..Felony,0.00013979843930317837
C276.2..Personal.information.that.I.provide.to.my.doctor.and.health.care.providers.is.sometimes.shared.and.not.always.secure.,0.00013979390179109648
L269.4..Immigration.status.of.Hispanics.Latinos,0.00013976502545447192
C373.3..Latino.or.Hispanic,0.00013960563086858275
C289.3..No..none.of.these,0.000139581028805558
L19.6..Don.t.remember,0.0001395295677660511
L19.3..Yes..some,0.00013940175651485815
C359.2..Very.good,0.00013898602259601494
C390.5..Currently.unemployed,0.00013890170887138821
C76.88..Don.t.Know,0.00013880891508538822
C139.2..Somewhat.Similar,0.00013876271014039523
BL94.3..Maybe,0.00013858024054924775
C68.2..No,0.0001384018401771456
C336.3..Stay.the.same,0.00013830316711696943
C140.2..Somewhat.Similar,0.00013829911943931931
L292.06..5...Neither.favorable.nor.unfavorable,0.000137909476526374
C286.2..Yes..one.person,0.000137593228442646
C76.02..Somewhat.important,0.00013702641398924997
L24.2..More.English..but.some.Spanish,0.0001370251889638119
S1.2..Spanish,0.00013683861448259997
LA204.3..Somewhat.supports.Republicans,0.00013646966070644866
C64.2..No,0.0001364100131668454
C32.2..I.occasionally.vote.in.state.local.elections,0.00013629139754809045
C40.3..Neither.agree.nor.disagree,0.00013625485311570052
C139.3..Not.Very.Similar,0.0001360910406616613
C194.4..Not.at.all.important,0.00013595491072124867
BL176.04..No.impact.at.all,0.00013594586188742037
C81.02..No,0.0001355060837356964
L271.5..Not.accurately.at.all,0.00013538954354132583
C355.2..Very.good,0.00013533739931966102
L216DESC_HID.6..6.Jay.Larsen..has.been.described.by.his.colleagues.in.local.government.as.an.intelligent..compassionate..and.understandi,0.00013460419229291396
L218.6..Extremely.unlikely,0.00013419918043712224
C380.2..Yes..Afro.Latino,0.0001341430742536954
C245.3..A.little,0.00013387371653110386
C359.3..Good,0.00013381366292675487
C391_14.2..A.veteran,0.000133712300090846
C391_14.3..Never.served.in.military,0.00013340011461344072
C279.3..No,0.00013338015816750234
BL176.02..A.moderate.impact,0.00013332598981855476
C248.2..Some,0.0001333218901370609
C34_5,0.00013320342466308742
C43.3..Neither.agree.nor.disagree,0.0001331179236492516
L199.2..Mostly.say..we.,0.00013307523732980904
L213.2..Somewhat.agree,0.00013305032385475658
LA203.6..Does.not.support.any.political.party.at.all,0.00013247197159943478
C75.02..Somewhat.important,0.00013239095825407643
C236.4..Not.at.all.effective,0.00013224026714651687
C346.2..No,0.00013221002946337305
C361.3..Good,0.00013188494508472584
C382M.2..Some.high.school,0.00013144419766826756
C254.2..No,0.0001312849389622616
LA200.3..Not.much,0.00013126403264402723
C264.5..5,0.00013117340606135677
L292.07..6,0.00013114471727793855
LA202_NONE.1..Did.not.learn.from.any.of.these.sources,0.00013098494739784367
C333.2..No,0.00013057023814902965
L270.4..Probably.try.to.emphasize.my...S2...ethnicity,0.0001304400526710594
C277.2..Yes..over.5.years.ago,0.00012978804568548376
L212.4..Strongly.disagree,0.00012973376051107863
C240.2..Some,0.00012950662973488283
C323.3..Occasionally,0.00012936438299232994
C72.03..Not.that.important,0.00012932729732992673
C262.02..2,0.00012907550094807274
LA204.6..Does.not.support.any.political.party.at.all,0.00012886286583602493
L298.3..Disagree,0.00012826312776839218
C235.3..Not.too.effective,0.00012819399713170752
L218.5..Very.unlikely,0.0001277754787508979
L216.4..Like...Pronoun1_Hid....somewhat,0.00012770271115061476
C382M.3..High.school.graduate.or.GED,0.00012719053449758894
C71.04..Not.at.all.important,0.00012686236085659308
C264.4..4,0.00012678004222236843
C1_2,0.00012668300454123088
L269.2..Skin.color.of.Hispanics.Latinos,0.00012668255435876167
L217.4..Neither.well.nor.poorly,0.0001266162664996266
S10.04..Colombia,0.00012647377187842096
C381.4..Some.college..2.year.degree,0.000126245294166138
C248.5..Don.t.know,0.00012607097730173484
LA147.5..Strongly.Disagree,0.00012593785632032735
C1_15,0.00012581393887795453
C288.3..Not.at.all.concerned,0.00012562077368388904
C353.4..Fair,0.00012541237388198696
C264.9..9...Very.important,0.00012538373260372485
C80.2..You.were.dismissed.for.some.other.reason,0.0001252686342157832
C233.2..Somewhat.effective,0.00012519767568910586
C63.2..No,0.0001247007216084811
C3.5..Not.familiar.with.them,0.00012461988131761805
LA250.2..Some,0.00012421040753473627
C10.5..Not.familiar.with.them,0.0001240973864934095
BL88.4..No,0.0001238840496999052
L216NAME_HID.2..Manuela.L.f3.pez,0.00012371643548320316
C321.4..Never,0.0001235372510808778
C10.4..Very.unfavorable,0.0001234869354652776
C262.08..8,0.0001232776872552816
C391_8.3..Never.served.in.military,0.00012307188864739692
L301.3..Neither.Disagree.or.Agree,0.0001229100439570983
C234.2..Somewhat.effective,0.00012272386018049583
C223.3..It.would.not.matter.very.much,0.00012262044791763686
C74.03..Not.that.important,0.0001224308917630313
C152.2..I.feel.negatively.about.this.link.with.my.racial.or.ethnic.group,0.0001221521224630669
C377.04..1.parent.born.in.U.S..1.parent.born.elsewhere,0.0001220740153980161
L21.3..Some,0.00012197229515556063
C42.2..Agree,0.00012152416622846709
C348.5..Several.times.month,0.00012147979179582469
C383.99..Refused,0.00012146350442276805
C386.3..African.American,0.00012115986113100935
L198.4..Strongly.Disagree,0.00012086961244668044
L216DESC_HID.8..8.Jill.Larsen..has.been.described.by.her.colleagues.in.local.government.as.an.intelligent..compassionate..and.understand,0.00012058741408455789
C280.3..No,0.00012042666976516835
C282.3..No,0.00012041437019001047
C377.02..Both.parents.born.in.another.country,0.00012036535222024604
BL90.3..Maybe,0.00012029471925429585
C225.5..Poor,0.00012025027959171384
C261.3..About.the.same,0.00011985531692618631
C118.2..Most.of.the.time,0.00011958837855601346
C138.4..Not.Similar.At.All,0.00011958821746532891
C224.2..Yes..I.have.done.than.once,0.00011946149158879806
C321.3..Occasionally,0.00011939454105189589
BLOCK_274_275.2..Block.B,0.00011932965179464249
C75.03..Not.that.important,0.00011926662536206167
L300.2..Somewhat.support,0.00011903354186073182
C73.04..Not.at.all.important,0.00011883411524169301
C383.05...50.000.to..59.999,0.00011840535010690804
L302.02..Some,0.00011838432636807843
L214.4..Strongly.disagree,0.00011837448769366902
C327.2..Sometimes,0.00011795767105107969
L292.11..10...Extremely.favorable,0.00011784803222035868
C40.4..Disagree,0.00011772446213915523
C81.88..Don.t.know,0.00011763871286377342
C121.4..Disagree,0.00011756942687534131
C285.3..No..none.of.these,0.00011741060829097644
C263.4..4,0.00011740215421740141
C341.3..Stay.the.same,0.00011726427197728976
HISP2010_PERCENTOTHERSOUTHAMERIC,0.00011719860325889826
L294.04..3,0.00011676954767909989
L216DESC_HID.7..7.Jill.Larsen..has.been.described.by.her.colleagues.in.local.government.as.an.intelligent..tough..and.ambitious.candidat,0.00011622327897036017
C225.2..Very.good,0.00011596424713811399
C348.8..Just.about.everyday,0.00011592999769130912
C75.04..Not.at.all.important,0.00011575902331327208
BL91.2..Yes..somewhat,0.00011535048862116341
C325.3..Occasionally,0.00011522178365790295
C120.4..Rarely,0.00011520799498472304
C348.6..Once.a.week,0.00011500567051909262
C72.02..Somewhat.important,0.00011479334733903303
L218.3..Somewhat.likely,0.00011441444056620927
BL155.3..Racism.once.existed.but.no.longer.exists.in.our.society,0.00011413046388535452
C10.3..Somewhat.unfavorable,0.00011366093168874683
L216DESC_HID.3..3.Manuela.L.f3.pez..has.been.described.by.her.colleagues.in.local.government.as.an.intelligent..tough..and.ambitious.candid,0.00011361206235367731
L271.4..Slightly.accurately,0.00011333559210101635
C106.5..Strongly.disagree,0.00011293582630083554
BLA205.2..Somewhat.agree,0.00011291891986248285
C382F.6..Post.graduate.education,0.00011274021353558834
BL229.03..Not.too.effective,0.000112628904862398
C48.2..Most.of.the.time,0.00011261168281836761
C138.3..Not.Very.Similar,0.00011163955112773203
C59.2..No,0.00011095093063775833
L20.4..A.little,0.00011026280098989043
C129.7..Atheist.or.agnostic,0.000110074558882283
C324.2..Sometimes,0.00011006278641392772
C283.2..Yes..over.5.years.ago,0.00010988017116566056
C355.3..Good,0.00010970582628280454
C53.3..None,0.0001095259565246159
L216NAME_HID.4..Jill.Larsen,0.00010915739741953303
C1_8,0.0001091327183107414
C225.4..Fair,0.0001090765808540303
C391_5.3..Never.served.in.military,0.00010901021666336642
L293.05..4,0.00010888226777175299
C131.2..Almost.every.week,0.00010837982317997781
C39.3..Neither.agree.nor.disagree,0.00010819772261001696
L19.2..Yes..a.lot,0.0001076903629265716
S4AZ,0.00010767720659163583
L293.10..9,0.000107639148077578
C391_7.3..Never.served.in.military,0.00010730564559022855
C264.3..3,0.00010713009320241666
C33.2..Somewhat.interested,0.00010629295145123433
C121.5..Strongly.disagree,0.00010619542153893345
C264.7..7,0.00010604750193362565
L269.5..Political.language.used.to.describe.Hispanics.Latinos,0.000105955781855184
C73.03..Not.that.important,0.00010592530451767254
BL176.88..Don.t.know,0.00010590334703726955
C264.2..2,0.00010547239152460115
C260.4..Latino.or.Hispanic,0.0001052650318370149
C357.2..Very.good,0.00010511020770588942
C391_1.2..A.veteran,0.0001048923610780011
C348.3..Several.times.a.year,0.00010488765147653842
S4CA,0.00010444803357340184
C383.12...200.000.or.more,0.00010442161400381881
BL90.4..No,0.00010422454629879545
C288.2..A.little.concerned,0.00010413684220757826
L218.2..Very.likely,0.0001041272832883053
C351.4..Fair,0.00010363347480221397
C383.04...40.000.to..49.999,0.00010361577347196106
L217.2..Very.poorly,0.00010300374496603431
C34_2,0.00010213820875615864
C121.2..Agree,0.0001008565113958063
C152.3..Neither.positive.or.negative,0.00010077231500210309
LA303.2..Somewhat.Agree,0.0001004773243901296
C32.3..I.vote.in.many.state.local.elections,0.00010037107197156923
L292.09..8,0.00010025021498799729
L216.3..Neither.dislike.nor.like...Pronoun1_Hid..,9.986798330843795e-05
C262.03..3,9.977541823880778e-05
C76.03..Not.that.important,9.94813866105519e-05
C263.3..3,9.936541650114264e-05
C223.2..It.would.matter.some,9.890347070735036e-05
C239.3..Not.that.important,9.88738557096032e-05
L18.2..Somewhat.competitive,9.879971455485364e-05
C131.4..Only.a.few.times.during.the.year,9.830131476647367e-05
C382F.2..Some.high.school,9.822474484894095e-05
C383.02...20.000.to..29.999,9.822285277752134e-05
C275.5..5,9.758910010000144e-05
S4TX,9.731594292171896e-05
C263.6..6,9.730525122251332e-05
BLA206.3..Somewhat.disagree,9.672068307838103e-05
C253.2..No,9.60789311124737e-05
C61.2..No,9.58917726864115e-05
C261.2..Darker,9.546836448185167e-05
C373.5..Middle.Eastern.Arab,9.506846323244128e-05
LA303.3..Neither.Disagree.or.Agree,9.474153393983159e-05
L192.4..Not.at.all.important,9.423555800243811e-05
C334.4..Strongly.oppose,9.418136915615413e-05
C32.4..I.vote.in.every.single.state.local.election,9.374542796239926e-05
HISP2010_PERCENTPARAGUAYAN,9.364959370476909e-05
C249.5..Don.t.know,9.336414452922218e-05
C279.2..Yes..over.5.years.ago,9.316132642510385e-05
C8.2..Somewhat.favorable,9.277577454656526e-05
C263.8..8,9.267843415298579e-05
C249.4..None.at.all,9.265069759424917e-05
BL95.2..Yes..somewhat,9.232086829809746e-05
C107.3..Slightly.belong,9.200767653104958e-05
BL90.2..Yes..somewhat,9.176154677907138e-05
C373.7..Other..Specify,9.167150085906978e-05
C319.2..Sometimes,9.154702678655489e-05
L295.2..Agree,9.141604645693627e-05
C359.5..Poor,9.12212787497201e-05
C385.5..Widowed,9.081681981282526e-05
C235.2..Somewhat.effective,9.072874483517336e-05
L293.03..2,9.066474409029282e-05
S4NY,9.048722424056152e-05
L270.2..Probably.try.to.hide.my...S2...ethnicity,9.045603941348092e-05
L217.3..Somewhat.poorly,9.037837237291567e-05
L295.4..Strongly.disagree,9.031027609825402e-05
C280.2..Yes..over.5.years.ago,9.013983998745665e-05
C246.5..Don.t.know,8.984616086492661e-05
C275.8..8,8.977067219763687e-05
C108.2..Somewhat.agree,8.971798178707057e-05
C391_2.2..A.veteran,8.97090985671577e-05
L213.4..Strongly.disagree,8.816995977623012e-05
C353.5..Poor,8.757083100409212e-05
L198.3..Somewhat.Disagree,8.695693553024546e-05
S4IN,8.642816784280463e-05
C373.2..Black,8.62740081993613e-05
C348.4..Once.a.month,8.625589849425103e-05
C58.2..No,8.616260795509845e-05
L199.4..Almost.always.say..they.,8.548307533291159e-05
C275.7..7,8.548263876945872e-05
C86.2..Yes..it.has.cross.my.mind.once.or.twice,8.535563370287056e-05
L217.5..Somewhat.well,8.464162233661776e-05
BL94.2..Yes..somewhat,8.461609829811867e-05
S2_6,8.459435948485301e-05
C57.2..No,8.416953410995525e-05
S4WA,8.405022487923848e-05
S10.09..El.Salvador,8.39975135829313e-05
C383.06...60.000.to..69.999,8.369886726369722e-05
C320.4..Never,8.359941585407635e-05
BL88.2..Yes..somewhat,8.338619846488801e-05
L19.4..Yes..a.little,8.306458148202203e-05
C263.9..9...Very.important,8.235705900834973e-05
C391_10.3..Never.served.in.military,8.20720156467991e-05
C239.4..Not.at.all.important,8.166777536164348e-05
L21.2..A.lot,8.150601196353363e-05
C286.3..Yes..two.or.more.people,8.126106187324822e-05
C260.2..Black,8.094695825611155e-05
C86.3..No..I.have.never.thought.about.it,8.090580037572315e-05
C2.5..Not.familiar.with.them,8.047589392937202e-05
C391_6.3..Never.served.in.military,7.987465396533104e-05
C383.03...30.000.to..39.999,7.973490081850901e-05
C382M.6..Post.graduate.education,7.965238995807809e-05
BL96.2..Yes..somewhat,7.963841325293891e-05
C318.02..Some,7.85390839194798e-05
S10.07..Dominican.Republic,7.78909197178118e-05
LA204.2..Somewhat.supports.Democrats,7.768260498821895e-05
C263.2..2,7.761152197492055e-05
C391_11.3..Never.served.in.military,7.734020971371822e-05
L24.6..Never.watch.TV.or.online.news,7.712394012742463e-05
C246.4..None.at.all,7.706810637720459e-05
LA193.4..Not.at.all.important,7.696221261531191e-05
C383.08...80.000.to..89.999,7.599251101210259e-05
C353.2..Very.good,7.515083649812406e-05
S10.10..Guatemala,7.4857831927529e-05
C237.7..Other..Specify.,7.484952789403132e-05
C391_5.2..A.veteran,7.484674073647003e-05
C391_11.2..A.veteran,7.470359501461118e-05
C385.4..Divorced,7.46497079004103e-05
C248.4..None.at.all,7.464537781603517e-05
C390.3..Full.time.student,7.456410902980343e-05
C74.88..Don.t.Know,7.447903526378532e-05
C1_9,7.415412305053422e-05
C275.3..3,7.404425518754535e-05
BL171.4..Not.as.important,7.37664717256752e-05
C334.2..Somewhat.favor,7.369527089197307e-05
C326.2..Sometimes,7.3625389329296e-05
BL176.03..A.small.impact,7.356587046227416e-05
C111.3..Sometimes,7.30713123118758e-05
S4OH,7.266689385003466e-05
C1_12,7.225725672052464e-05
L366.4..A.little.worried,7.175268605251787e-05
C351.5..Poor,7.150784508407771e-05
L217.6..Very.well,7.145384086764745e-05
C391_10.2..A.veteran,7.117758266368263e-05
C357.4..Fair,7.094146114068333e-05
S7.2..Another.country,7.084559356746515e-05
C260.5..Other,7.048085177682433e-05
C237.2..Gay,6.991859281803525e-05
C383.11...150.000.to..199.999,6.975253973944123e-05
L292.08..7,6.952393487113029e-05
C383.07...70.000.to..79.999,6.952125099787179e-05
C243.5..Don.t.know,6.844519743678789e-05
L216.2..Dislike...Pronoun1_Hid...somewhat,6.837926785550674e-05
S10.21..Other.country..Specify.,6.824098744505833e-05
C391_3.3..Never.served.in.military,6.812684262290672e-05
LA147.4..Disagree,6.8120539418237e-05
S4KS,6.765333849880949e-05
C357.5..Poor,6.736645389107744e-05
C151.3..Not.very.much,6.715292996752382e-05
S4NV,6.628326995344077e-05
C39.4..Disagree,6.576923301769685e-05
L199.3..Mostly.say..they.,6.513889217952824e-05
C282.2..Yes..over.5.years.ago,6.365148769744199e-05
L293.08..7,6.349590649852444e-05
C390.4..Retired,6.338147518584018e-05
L293.04..3,6.266851096204063e-05
S4MA,6.23784536553285e-05
L298.4..Strongly.disagree,6.194078691422202e-05
S10.19..Venezuela,6.173538537915836e-05
C262.06..6,6.046586750375101e-05
C131.3..A.few.times.a.month,6.0300973912585075e-05
S4GA,6.0207093655470763e-05
C391_13.2..A.veteran,5.975522284832435e-05
C262.10..10,5.940400604235966e-05
S2_3,5.92007162858353e-05
C13.2..Voted.early.in.person,5.914944206203917e-05
S4CO,5.854887192397448e-05
C39.2..Agree,5.7543233068527044e-05
L216DESC_HID.5..5.Jay.Larsen..has.been.described.by.his.colleagues.in.local.government.as.an.intelligent..tough..and.ambitious.candidate,5.691789145451398e-05
C320.2..Sometimes,5.611613972242476e-05
C53.2..Yes..more.than.one,5.568597164482346e-05
C386.4..Asian.American,5.5659808877146006e-05
HISP2010_PERCENTOTHERCENTAMERICA,5.541083668434143e-05
S10.16..Peru,5.531032740482522e-05
C391_6.2..A.veteran,5.455617336294553e-05
C275.6..6,5.454846377237033e-05
L292.02..1,5.409603652368435e-05
C262.07..7,5.3960857179298324e-05
S4NM,5.369976457729304e-05
L292.04..3,5.2341530275678246e-05
S4CT,5.229459814642638e-05
C237.5..Transgender,5.2250351354217486e-05
C113.3..Sometimes,5.2076164878827355e-05
L24.5..Mostly.Spanish.language,5.191779566309954e-05
C335.3..Stay.the.same,5.034749150635144e-05
C391_4.3..Never.served.in.military,4.952656534670832e-05
L24.4..More.Spanish..but.some.English,4.868606668722311e-05
C373.4..Asian,4.837314340467429e-05
L292.05..4,4.8247265788270815e-05
L292.03..2,4.773683130556359e-05
S4IL,4.741816446258554e-05
C386.7..Other,4.732940744145313e-05
C383.09...90.000.to..99.999,4.697611791544522e-05
C390.6..Homemaker,4.6745047185375494e-05
C381.6..Post.graduate.education,4.6198930759178e-05
L22.3..Some,4.5707793530086016e-05
C129.5..Hindu,4.203589388662543e-05
S4LA,4.078211938448452e-05
S10.08..Ecuador,4.053942287873038e-05
S10.11..Honduras,3.93521527420595e-05
C359.4..Fair,3.910834894929748e-05
S4OR,3.887363786959157e-05
S2_7,3.839797711729181e-05
C129.2..Protestant,3.792257760467685e-05
C387.5..Poor,3.751514604940093e-05
S10.05..Costa.Rica,3.719737238987152e-05
S10.14..Panama,3.60391844287646e-05
C262.09..9,3.600346332328713e-05
C129.8..Other..Specify.,3.5148365656845815e-05
L294.02..1,3.388215495973509e-05
S4NJ,3.353949363050518e-05
C391_3.2..A.veteran,3.3317645025578576e-05
S4MI,3.264451234255285e-05
C386.6..Native.American,3.087302732915339e-05
C237.3..Lesbian,2.9803211603683315e-05
S4TN,2.7546212985990437e-05
L293.02..1,2.7521542923338678e-05
C275.2..2,2.7413853902142185e-05
S2_1,2.727390893698501e-05
S2_4,2.7107568614516993e-05
C44.5..Strongly.disagree,2.5709112026100175e-05
S4FL,2.3344367634759876e-05
S4NC,2.2896355850764934e-05
S4SC,2.2762709835223847e-05
S4PA,2.1448890219533884e-05
C129.6..Buddhist,2.100557072768926e-05
S4RI,2.01219323274329e-05
S10.03..Chile,1.9850539453784738e-05
L292.10..9,1.9823539015862173e-05
S4MN,1.9396858078647896e-05
C237.6..Queer,1.842367645115643e-05
S4UT,1.7844950385157078e-05
S4ME,1.6527457369940108e-05
C386.5..Middle.Eastern,1.4732976660448976e-05
S4ID,1.4488595964636227e-05
S4HI,1.3493679796615566e-05
S4AR,1.1855861790248087e-05
S4KY,1.1589074963972848e-05
S4AL,9.377847468635319e-06
S4OK,8.921325077891807e-06
S4VA,8.545862375814599e-06
S10.02..Bolivia,8.093402252379121e-06
S4NH,7.681140955337391e-06
S4MS,6.993951506247463e-06
S4NE,5.965096434229775e-06
C387.4..Fair,5.908923280683432e-06
S10.15..Paraguay,5.773002078250488e-06
S4MO,4.121995229474974e-06
S4IA,3.9960978498103495e-06
S4WI,3.893612025411884e-06
C377.88..Don.t.know,3.854865822259821e-06
C129.4..Muslim,1.940418890411856e-06
S10.18..Uruguay,2.789719112091026e-19
S4MD,1.4840499990776108e-19
C260.3..Asian,0.0
S4ND,0.0
S4DE,0.0
S4DC,0.0
S4MT,0.0
S4VT,0.0
S4SD,0.0
S4WY,0.0
S4WV,0.0
S2_5,0.0
S3.3..Other,0.0
S1.6..Vietnamese,0.0
S1.5..Korean,0.0
S1.4..Chinese..traditional.,0.0
S1.3..Chinese..simplified.,0.0
