variable,mean_abs_shap
C4.4..Very.unfavorable,0.028696620923089448
L46.2..Democrat,0.02366503924801742
C242_HID.2..Democratic.Party,0.0210956390644409
C25.2..Democrat,0.019675282016987435
L266.2..Democrats,0.01864957159033909
C2.4..Very.unfavorable,0.015895781563826785
C9.4..Very.unfavorable,0.014428743798320771
C4.2..Somewhat.favorable,0.012524236271814666
C337.2..Increase,0.009929969660245903
C3.4..Very.unfavorable,0.009672457275174755
L267.2..Democrats,0.009038258736944147
C41.5..Strongly.disagree,0.008269916478243025
C158.02..Should.not,0.008095089463469967
BLA207.4..Strongly.disagree,0.006999558660758544
C228.5..Strongly.oppose,0.0068183266406485815
BL229.04..Not.at.all.effective,0.0061661695667449825
C142.3..Bothers.me.a.lot,0.0048157936499796964
C40.5..Strongly.disagree,0.0047580711682568095
C111.4..Never,0.004301332695957504
BLA206.4..Strongly.disagree,0.003940374640761346
BL155.2..Racism.exists.today.but.is.not.a.major.problem,0.0036957844491256166
C114.4..Never,0.003311893755962518
C5.4..Very.unfavorable,0.0031355707871170806
C38.3..They.should.be.required.to.leave.their.jobs.and.immediately.leave.the.U.S.,0.00290855078709054
L195_3,0.0028488871692284564
C115.4..Never,0.0028480929793408753
C337.3..Stay.the.same,0.0028087953180993648
C2.3..Somewhat.unfavorable,0.0027032802227178266
C45.5..Strongly.disagree,0.002559729927252592
C248.3..A.little,0.0024678844333941457
C247.3..A.little,0.002457874959842552
C113.4..Never,0.0024337641727999056
BL174.5..Strongly.disagree,0.0024188940867318006
LA204.4..Strongly.support.Republicans,0.0023683407953837446
C31.5..Very.Conservative,0.0023174249030688257
BLA207.2..Somewhat.agree,0.0022678706573112436
BL89.4..No,0.0022396107562989978
C5.2..Somewhat.favorable,0.002174884307301759
L366.5..Not.at.all.worried,0.002145689523442525
BL175.5..Strongly.disagree,0.0021437494752875857
L232.4..Not.at.all.worried,0.0021406574370127526
C8.4..Very.unfavorable,0.002120529206071409
C112.4..Never,0.002089733425262499
L267.4..Neither.party.is.better.than.the.other,0.0020890386115939045
C41.3..Neither.agree.nor.disagree,0.0019260402289159812
L231.4..Often.treated.unfairly,0.0018950265016294417
LA203.4..Strongly.support.Republicans,0.0018797719847249202
C246.3..A.little,0.0017625135205692445
L241.5..Strongly.oppose,0.0017619801196035053
L293.11..10...Extremely.favorable,0.0016377220672035078
C45.4..Disagree,0.0015800375924585428
C3.3..Somewhat.unfavorable,0.0014762140312875366
C41.2..Agree,0.00147044291121299
C56.2..No,0.0014265227230219897
C243.4..None.at.all,0.0014162370545497524
C130.2..No,0.0013472041735474135
L302.04..Not.at.all,0.0012887285864290113
C3.2..Somewhat.favorable,0.0012861063388951257
BL229.02..Somewhat.effective,0.0012832150559686855
L268.2..A.major.problem,0.0012336854455511977
L46.3..Neither.party.is.better.than.the.other,0.001166584607448191
BLA191.04..Not.at.all,0.0011372758383712287
C115.2..Often,0.001136723947704473
C339.2..Increase,0.0011330053501161178
BLA205.3..Somewhat.disagree,0.0011285228322470888
BL174.2..Agree,0.001125507448346743
BL96.4..No,0.0011097473175526481
L230.02..No,0.0010881796196681292
LA250.3..A.little,0.0010859125410282733
C256.2..No,0.0010741892361961056
DP2010_NUMBERAMERICANINDIANALASK,0.001052855868975056
L300.4..Somewhat.oppose,0.0010452134544345422
C251.2..No,0.0010433820843213332
C31.4..Somewhat.Conservative,0.0010391310734945449
L294.09..8,0.0010342313034760625
C150.2..No,0.0010304669913966213
C338.2..Increase,0.0010299743610437285
BLA208.4..Strongly.disagree,0.0010128487864111994
C8.3..Somewhat.unfavorable,0.0010059624794958384
C349_1,0.0010006518310372594
BL95.4..No,0.0010000278559227813
C109.4..Not.at.all.as.an.outsider,0.0009890827470633232
L293.09..8,0.0009746341763181636
C11.4..Very.unfavorable,0.0009630530708458028
C1_10,0.0009599935340080449
DP2010_NUMBFEMALE,0.0009562279378831137
C31.2..Somewhat.Liberal,0.0009433414080471906
C33.4..Not.at.all.interested.in.politics,0.000939012758964069
BL173.5..Strongly.disagree,0.0009341096150347962
DP2010_NUMBMEXICAN,0.0009337614406294333
DP2015_NUMBEROTHERRACE,0.0009263837221817196
L219.4..Somewhat.agree,0.0009192998940495603
DP2010_PERCENTOTHERRACE,0.0009115036589359979
C255.2..No,0.0009098395366540439
L195_2,0.0008992423720577022
C42.5..Strongly.disagree,0.0008947412895527212
C228.2..Somewhat.support,0.0008752272804063489
C9.2..Somewhat.favorable,0.0008491079687879323
S6,0.0008117513424105901
AGE,0.0008085964288323567
C389.2..Homeowner,0.0007993203083763531
C129.3..Christian,0.0007937882366111426
DP2000_NUMBAMERICANINDIANALASKAN,0.0007906937968811178
C25.3..Independent,0.0007880639674413785
C244.3..A.little,0.0007760277301537997
C141.4..Somewhat.support.deporting.these.immigrants,0.0007707929643538563
C240.4..Not.at.all,0.0007633095271520078
SC2000_PERCENTEDUCAA,0.0007630144928578986
L301.5..Strongly.Disagree,0.0007528039191855276
DP2000_NUMBOTHERRACE,0.0007266601494410629
LA250.4..None.at.all,0.0007246560768198609
C142.4..Bothers.me.a.little,0.00071619239087063
DP2000_PERCENTOTHERRACE,0.000714246552832822
DP2015_PERCENTOTHERRACE,0.0007065214823736035
BL175.2..Agree,0.0007009050842409253
DP2010_NUMBOTHERRACE,0.0006947938549876523
C287.4..Poor.job,0.0006908044056480896
L301.2..Somewhat.Agree,0.000688954308298124
DP2010_NUMBASIANOTHER,0.0006875775025287828
C228.4..Somewhat.oppose,0.0006819528894299705
DP2000_PERCENTHOUSEHOLDSSINGLEFE,0.0006812420527744753
C112.2..Often,0.0006735971253794722
C23.2..Getting.a.little.better,0.0006726720687931805
DP2010_TOTALPOPULATION,0.0006699373279723372
DP2010_PERCENTMEXICAN,0.000669794828147648
C44.3..Neither.agree.nor.disagree,0.0006693128650647279
HC2015_PERCENTHOUSESBUILTBEFORE1,0.000666282080605732
DP2010_NUMBHAWAIIANPACIFICISLAND,0.0006599838815564666
DP2000_NUMBMEXICAN,0.0006571426750117194
DP2010_NUMBNOTHISP,0.0006559592735050055
HISP2010_NUMBSALVADORAN,0.0006517656801045759
BLA146.3..Will.not.achieve.racial.equality.in.your.lifetime,0.0006516360216192126
DP2015_NUMBWHITENONHISP,0.0006487884002603941
SC2011_PERCENTNOTCITIZEN,0.0006485125618041011
L268.5..Not.a.problem.at.all,0.0006471827340454269
DP2000_NUMBASIANJAPANESE,0.0006470548266596662
SC2011_PERCENTEDUCAA,0.0006379838246693768
SC2011_PERCENTEDUCSOMECOLLEGE,0.0006347393198053513
DP2015_NUMBHAWAIIANPACIFICISLAND,0.000622626940441926
EC2011_PERCENTCOMMUTINGALONE,0.0006191991319740334
SC2011_PERCENTNATIVEBORN,0.0006190586872349268
EC2015_NUMBLABORFORCE,0.0006139576111284967
DP2010_MEDIANAGEMALE,0.0006100606066343259
DP2000_PERCENTHOUSEHOLDSMARRIED,0.0006095819961225544
DP2000_PERCENTWHITE,0.0006090666131575923
DP2010_NUMBCUBAN,0.0006016422554245178
DP2000_TOTALNUMBHOUSEHOLDS,0.0006016309389003079
DP2010_NUMBASIANVIETNAMESE,0.0006007430945031606
DP2015_NUMBASIANOTHER,0.0006007103416326359
HC2000_PERCENTHOUSESBUILTBEFORE1,0.0005988980329556487
DP2015_NUMBASIANFILIPINO,0.0005925707152381914
DP2015_PERCENTMALE,0.000587357248629482
SC2015_PERCENTNATIVEBORN,0.0005861660473766792
C141.2..Somewhat.support.pathway.to.citizenship,0.0005860587509733572
DP2000_NUMBNONHISP,0.0005855241148186064
DP2000_NUMBERHAWAIIANPACIFICISLA,0.0005830772703971676
DP2015_TOTALPOP,0.0005828778850122475
C110.2..Very.often,0.0005816092838980112
HC2015_MEDIANHOMEVALUE,0.0005811677131496032
DP2015_PERCENTFEMALE,0.0005805113011950339
HISP2010_PERCENTSALVADORAN,0.000580024558025808
DP2015_NUMBPUERTORICAN,0.0005790940131642136
DP2015_NUMBMEXICAN,0.0005772739368992163
DP2010_PERCENTOTHERHISP,0.0005750871581793431
DP2010_NUMBJAPANESE,0.0005719007463007245
SC2000_PERCENTEDUCSOMECOLLEGE,0.0005674589897498662
L294.08..7,0.000564102643161316
DP2015_PERCENT18OLDER,0.0005620364839287461
DP2000_02_PERCENTHOUSEHOLDSMARRI,0.0005602565285496838
EC2015_PERCENTINC75K_99K,0.0005602496896509944
DP2010_MEDIANAGE,0.0005600203452387245
DP2000_PERCENTRENTALVACANCY,0.0005598251213141147
DP2000_PERCENTMEXICAN,0.0005597918084990317
DP2015_NUMBBLACK,0.0005589527064358144
EC2015_PERCENTCOMMUTEWALKING,0.0005572762225936676
DP2015_NUMBASIANJAPANESE,0.0005572726830944275
DP2010_NUMBMALE,0.0005568953205833852
SC2000_PERCENTNATIVEBORN,0.0005567237964669866
EC2011_PERCENTUNEMPLOYED,0.0005556836533860262
C112.3..Sometimes,0.0005551021910116385
C2.2..Somewhat.favorable,0.0005542601746709559
L290.5..Strongly.Disagree,0.0005536772748841131
DP2010_PERCENT18OLDER,0.000553520018699607
DP2015_PERCENTWHITENONHISP,0.0005535132995409078
EC2015_PERCENTLABORFORCE,0.0005478089947694325
DP2015_03_PERCENT18OLDERMALE,0.000546409625743303
SC2015_PERCENTLANGUAGEENGLISHONL,0.000546055866255763
C74.04..Not.at.all.important,0.0005452206749752451
C349_2,0.0005450695423480532
SC2011_PERCENTEDUC9_12NODIP,0.0005436087531272948
SC2000_PERCENTFOREIGHBORN,0.0005423708457470744
DP2000_NUMBBLACK,0.0005421359420324383
DP2010_PERCENTSINGLEMOTHERHOUSEH,0.0005420502784294153
C349_3,0.0005420407512530019
HISP2010_NUMBCENTAMERICAN,0.000540834045426864
DP2010_PERCENT18OLDERMALER,0.0005388122563810669
SC2015_PERCENTEDUCAA,0.0005345528484075534
HISP2000_PERCENTSALVADORAN,0.0005344618340084687
C244.2..Some,0.0005322473504858284
DP2000_PERCENTHOUSEHOLDFAMILIES,0.0005321673531836098
DP2015_NUMBCUBAN,0.0005311350159504628
SC2011_PERCENTEDUCHIGHSCHOOLGRAD,0.0005310984110337323
SC2015_PERCENTEDUCHIGHSCHOOLGRAD,0.0005309453245295503
EC2000_PERCENTCOMMUTEALONE,0.000529300309269525
EC2015_MEDIANINCFULLTIMEFEMALE,0.0005290582688925365
DP2010_PERCENTFEMALE,0.0005287395246405079
HISP2015_NUMBSALVADORAN,0.0005265074827591757
EC2015_PERCENTCOMMUTEALONE,0.0005247322974401983
DP2010_PERCENTRENTALVACANCY,0.0005238943936756745
EC2000_PERCENTNOTLABORFORCE,0.0005231619115183895
EC2000_PERCENTINC50K_74K,0.000522888841325524
EC2011_PERCENTALLPEOPLEBELOWPOVE,0.0005213517468510177
DP2000_TOTALPOP,0.000521115394775637
DP2000_PERCENTHISP,0.0005205635851841707
DP2010_MEDIANAGEFEMALE,0.0005201529360646832
SC2011_PERCENTFOREIGNBORN,0.0005200047963445667
DP2000_PERCENTMALE,0.000519628570308091
DP2010_PERCENTHOUSEHOLDMARRIEDWK,0.0005174867963031875
DP2000_NUMBOTHERHISP,0.0005173948969374393
DP2000_MEDIANAGE,0.0005169100184668307
EC2015_PERCENTINC50K_74K,0.0005139484667873854
DP2015_03_PERCENT18OLDERFEMALE,0.0005138859702101295
DP2015_NUMBASIANCHINESE,0.0005132955990677267
SC2000_PERCENTEDUCHIGHSCHOOLGRAD,0.0005129680064478385
EC2011_PERCENTINC25K_34K,0.0005125358558691046
DP2015_PERCENTMEXICAN,0.0005117650281429517
HISP2015_NUMBCENTRALAMERICAN,0.0005101081182121016
DP2010_TOTALHOUSEHOLD,0.0005098756069536722
DP2000_PERCENT18OLDER,0.0005097498046831875
DP2000_PERCENTHOUSEHOLDSW18ORYOU,0.0005086844799281931
EC2000_PERCENTINC35K_49K,0.0005064323369842274
DP2015_PERCENTBLACK,0.0005051220727495293
EC2011_PERCENTLABORFORCE,0.0005047906457113333
DP2000_PERCENT18OLDERMALE,0.0005036607866692036
L293.06..5...Neither.favorable.nor.unfavorable,0.0005027250684934627
L21.5..Not.at.all,0.0005026814476295637
EC2000_PERCENTINCLESSTHAN10K,0.0005015961296569024
DP2000_PERCENTHOUSEHOLDSW65OROLD,0.0005011621965856138
DP2000_PERCENTHOUSEHOLDFAMILYWKI,0.0004981597038135857
BLA190.04..Not.at.all,0.0004972341591578663
C245.2..Some,0.0004971054745840032
DP2010_PERCENTWHITE,0.0004940865873441313
DP2015_NUMBWHITE,0.0004912766013403224
L268.4..A.minor.problem,0.0004903742654501632
SC2015_PERCENTLANGUAGENONENGLISH,0.0004902088139190123
DP2000_NUMBWHITE,0.0004876322128454868
L266.4..Neither.party.is.better.than.the.other,0.00048751913091376166
SC2015_PERCENTEDUCSOMECOLLEGE,0.0004866126847024847
DP2010_PERCENTPUERTORICAN,0.00048455221084719725
HISP2015_NUMBCOSTARICAN,0.0004828308759119184
EC2011_PERCENTINC15K_24K,0.000482704957897222
DP2000_PERCENTHOMEOWNERVACANCY,0.0004822459568565489
EC2015_PERCENTINC100K_149K,0.00048214396774132195
SC2015_PERCENTNOTCITIZEN,0.0004814385170197768
SC2000_PERCENTEDUCBAORHIGHER,0.00048022471888253777
DP2015_NUMBNOTHISP,0.00047976800992641336
DP2010_PERCENTHOUSEHOLDMARRIED,0.00047942410454352764
DP2000_NUMBASIANVIETNAMESE,0.00047891138139000416
DP2010_NUMBASIANFILIPINO,0.00047853527115363187
DP2015_NUMBOTHERHISP,0.0004783482129449499
EC2015_PERCENTINCELESSTHAN10K,0.0004756860943109452
EC2015_PERCENTINC15K_24K,0.0004748524330217843
DP2010_PERCENT18OLDERFEMALE,0.00047161530168955516
LA202_6,0.0004714471762606642
SC2015_PERCENTFOREIGNBORN,0.000471348021402983
EC2000_PERCENTCOMMUTEWALK,0.00047125757428091074
HISP2000_NUMBHONDURAN,0.00047054327205288914
HISP2015_NUMBCOLOMBIAN,0.0004705034316526874
EC2000_PERCENTINC10K_14K,0.0004677310095104408
C158.88..Don.t.know,0.00046759581735515135
SC2011_PERCENTEDUCHSORHIGHER,0.0004666168615932124
C1_11,0.00046615737103786593
DP2010_AVGFAMILYSIZE,0.0004651262589305532
DP2000_AVERAGEHOUSHOLDSIZE,0.0004647242901698465
DP2000_NUMBASIANOTHER,0.00046421749939851446
EC2011_PERCENTINC10K_14K,0.0004640796512085925
C4.3..Somewhat.unfavorable,0.0004637788307295227
C47.4..Never.at.all,0.00046364197833120174
DP2000_PERCENTBLACK,0.00046323220549559965
C258.2..No,0.0004630706670567221
DP2015_NUMBAMERICANINDIANALASKAN,0.00046293208623560074
EC2015_PERCENTFAMILIESBELOWPOVER,0.0004628934436732042
SC2000_PERCENTEDUC9_12NODIPLOMA,0.00046288234510792663
HISP2000_NUMBCOLOMBIAN,0.00046226015388817763
S5.2..No..not.registered,0.0004620175478196731
DP2000_PERCENTOTHERHISP,0.0004600265366738951
DP2000_PERCENTHOUSEHOLDSVACANT,0.0004596345926266111
HISP2000_NUMBDOMINICAN,0.00045933783230974455
DP2000_PERCENTFEMALE,0.0004586248348325756
DP2010_AVGHOUSEHOLDSIZE,0.00045789765229559213
EC2011_MEANHHINC,0.0004562696802850681
EC2015_PERCENTINC200K_MORE,0.00045543156732566183
DP2010_NUMBERASIANCHINESE,0.00045501783202420534
EC2011_PERCENTINC75K_99K,0.00045469472121492893
DP2015_PERCENTNOTHISP,0.00045419192594418065
HISP2010_NUMBGUATEMALAN,0.00045283965333258467
C249.2..Some,0.0004523195938964019
EC2011_PERCENTCOMMUTINGWALKING,0.0004517385546540117
EC2015_PERCENTINC150K_199K,0.00045108254575145905
EC2000_MEDIANFAMILYINC,0.0004508657044368012
EC2011_PERCENTNOTLABORFORCE,0.0004501486547418523
DP2010_PERCENTMALE,0.0004477596315174395
DP2010_NUMBASIAN,0.00044748611736670384
DP2010_PERCENTSINGLEFATHERHOUSEH,0.0004471622499027044
EC2011_PERCENTINCLESSTHAN10K,0.0004464050685763975
DP2010_PERCENTHOUSEHOLDWUNDER18Y,0.00044590989605529374
DP2015_NUMBASIANVIETNAMESE,0.00044587490713967454
DP2015_NUMBASIANINDIAN,0.0004448500210832468
DP2000_PERCENT18OLDERFEMALE,0.00044481435929704196
DP2000_NUMBASIANCHINESE,0.00044467971500912983
EC2011_PERCENTINC35K_49K,0.00044408922555529444
DP2000_NUMBASIANFILIPINO,0.00044380762694562503
SC2011_PERCENTLANGUAGENONENGLISH,0.00044346144399712675
DP2015_PERCENTWHITE,0.00044287962398352975
L20.3..Some,0.00044286649602829373
DP2010_NUMBNONHISPWHITE,0.00044268361883879664
EC2015_MEDIANINCFULLTIMEMALE,0.0004412857030725038
EC2015_PERCENTINC10K_14K,0.00044050501937651916
EC2011_MEDIANINCFULLTIMEFEMALE,0.0004404123693046547
DP2015_PERCENTASIAN,0.0004401205895408508
C25.4..Other.party,0.00043936676824055565
BL88.3..Maybe,0.0004386425752349798
HISP2010_NUMBDOMINICAN,0.00043768138895062815
DP2010_NUMBPUERTORICAN,0.0004369652555379194
C151.2..Some,0.0004368868018496652
DP2010_PERCENTHOUSEHOLDSWCHILDUN,0.0004366269876147353
DP2015_PERCENTASIANFILIPINO,0.0004361267951935633
C84.88..Don.t.Know,0.00043546859363181346
EC2015_PERCENTINC35K_49K,0.00043516308156502873
EC2011_PERCENTINC50K_74K,0.00043314825750179626
EC2000_PERCENT75K_99K,0.0004327355259409238
EC2000_PERCENTALLPEOPLEBELOWPOVE,0.00043225690289876574
DP2010_PERCENTHOMEOWNERVACANCY,0.0004320481588836885
DP2010_PERCENTHOUSINGVACANT,0.0004316251369231704
DP2010_NUMBWHITE,0.00043160188123955696
SC2011_PERCENTEDUCBAORHIGHER,0.000431162150258781
L195_1,0.0004302349971166331
DP2000_NUMBASIANINDIAN,0.00042997006027557403
HISP2000_NUMBSALVADORAN,0.00042968026018621
HC2011_MEDIANGROSSRENT,0.0004295967597917388
DP2015_NUMBASIAN,0.0004294703316048302
EC2015_PERCENTALLPEOPLEBELOWPOVE,0.0004291396669461612
SC2000_PERCENTNOTCITIZEN,0.0004287712162449664
DP2000_NUMBWHITENONHISP,0.00042860516394616847
SC2000_PERCENTEDUCHSORHIGHER,0.00042803676929268166
LOG_POPDENSITY_ZIP,0.0004240981468568809
C111.2..Often,0.00042373519832059146
SC2000_PERCENTEDUCLESSTHANGRADE9,0.00042230425173865393
DP2015_PERCENTOTHERHISP,0.000421591718300416
DP2010_NUMBERASIANINDIAN,0.00042133461261146903
DP2000_AVERAGEFAMILYSIZE,0.00042129955302054454
EC2011_PERCENTINC100K_149K,0.00042090372073011614
HISP2015_NUMBSAMERICAN,0.0004198267605439303
DP2000_PERCENTHOUSEHOLDSOCCUPIED,0.0004191856347252492
S3.2..Male,0.0004184878073052118
C141.3..Strongly.support.deporting.these.immigrants,0.0004182977819523569
C119.4..Rarely,0.0004178999829442471
C140.4..Not.Similar.At.All,0.000415784831107841
SC2011_PERCENTEDUCLESSTHANGRADE9,0.0004134242363193458
HC2011_MEDIANHOMEVALUE,0.0004132128221258296
DP2010_NUMBOTHERHISP,0.00041262993862523675
EC2000_PERCENTINC100K_149K,0.0004122594520421142
DP2010_TOTALHOUSINGUNITS,0.0004118796248604834
DP2000_PERCENTWHITENONHISP,0.0004118042714394344
HC2000_MEDIANHOUSEVALUE,0.00041156553883283856
DP2010_PERCENTHOUSEHOLDW65YEARSO,0.000410886992532029
DP2000_NUMBASIANKOREAN,0.0004102100016699748
SC2015_PERCENTEDUCHSORHIGHER,0.0004093357452520648
SC2015_PERCENTEDUCGRADUATEPROFDE,0.0004086368334238919
HISP2015_NUMBGUATEMALAN,0.0004077186321383545
HISP2010_PERCENTCENTAMERICAN,0.0004061058593959188
HISP2000_PERCENTCENTRALAMERICAN,0.0004038352742597882
DP2000_NUMBHISP,0.0004018781045102017
DP2010_PERCENTBLACK,0.0004012213306700351
HISP2015_01_NUMBPANAMANIAN,0.00039915556387471455
DP2010_NUMBHISP,0.0003991368814755091
EC2015_MEANFAMILYINC,0.00039881605093330306
EC2000_PERCENTLABORFORCE,0.00039858217893957656
DP2010_PERCENTCUBAN,0.0003982142721262734
SC2011_PERCENTLANGUAGEENGLISHONL,0.00039692876905425377
EC2015_MEANHHINC,0.0003967380166516331
HISP2015_NUMBHONDURAN,0.0003964612410118486
HISP2010_NUMBNICARAGUAN,0.00039599783413196704
HISP2010_NUMBCOLOMBIAN,0.0003956415878148467
DP2010_PERCENTNONHISPWHITE,0.00039481936069637677
HISP2010_NUMBECUADORIAN,0.0003942181530284992
SC2000_PERCENTEDUCBA,0.0003938727481768062
DP2010_NUMBKOREAN,0.000393813193985313
SC2015_PERCENTEDUCBAORHIGHER,0.00039359135342721316
EC2000_MEANHHINCE,0.00039358965121433296
DP2015_NUMBHISP,0.0003927464426092422
EC2011_PERCENTEMPLOYED,0.00039221128801828815
DP2010_PERCENTAMERICANINDIANALAS,0.0003905766370417008
HISP2000_PERCENTSAMERICAN,0.0003899853579860253
DP2010_NUMBBLACK,0.0003891828834752679
EC2000_PERCENTFAMILIESBELOWPOVER,0.0003879105241162879
DP2015_NUMBASIANKOREAN,0.0003878973615292848
C113.2..Often,0.00038761503316074266
SC2015_PERCENTEDUC9_12NODIPLOMA,0.0003872375979745803
HISP2000_NUMBCOSTARICAN,0.0003868682470927952
EC2015_MEDIANHHINC,0.00038601940601078834
DP2010_PERCENTNOTHISP,0.00038471752014107336
HC2000_MEDIANGROSSRENT,0.0003846655288126287
DP2000_NUMBASIAN,0.00038428975807759674
HISP2015_01_NUMBNICARAGUAN,0.00038375165851934294
SC2015_PERCENTEDUCLESSTHANGRADE9,0.0003834698962857766
HISP2000_PERCENTCOLOMBIAN,0.0003833066573585908
EC2015_PERCENTINC25K_34K,0.00038326508015735854
DP2000_PERCENT65OLDER,0.0003829019013068262
EC2011_PERCENTINC150K_199K,0.0003828501513357678
EC2000_PERCENTINC25K_34K,0.0003822091804398778
DP2010_PERCENTHOUSINGOCCUPIED,0.0003814284873811739
HISP2000_NUMBGUATEMALAN,0.000381285056653424
HC2015_MEDIANGROSSRENT,0.00038051088571308813
EC2000_PERCENTEMPLOYED,0.00038000667200242084
C43.5..Strongly.disagree,0.0003785402972027978
EC2000_PERCENTUNEMPLOYED,0.00037666434522208055
SC2011_PERCENTEDUCGRADUATEPROFDE,0.0003754556992899312
L364.2..No,0.0003742186607298866
DP2010_PERCENTASIANOTHER,0.0003734807206102798
DP2015_PERCENTASIANVIETNAMESE,0.0003733858925508492
HISP2015_NUMBARGENTINEAN,0.00037305750747726896
BLA205.4..Strongly.disagree,0.00037275524539545423
SC2000_PERCENTEDUCGRADUATEPROFDE,0.00037226333919673945
DP2015_PERCENTASIANOTHER,0.0003721357337136379
EC2015_PERCENTFAMILIESWKIDSBELOW,0.0003719531415364505
C67.2..No,0.0003715611880880952
DP2015_PERCENTPUERTORICAN,0.00037103452889799843
LA202_7,0.00037004696613124186
DP2000_PERCENTAMERICANINDIANALAS,0.00036902795939781495
HISP2010_NUMBHONDURAN,0.0003683763179928253
DP2015_MEDIANAGE,0.0003682454876132765
EC2011_MEDIANHHINC,0.00036714448711766046
DP2000_PERCENTASIANFILIPINO,0.0003669406456376098
HISP2000_NUMBBOLIVIAN,0.0003663270497963562
EC2000_PERCENTFAMILYWKIDSBELOWPO,0.0003662863659011817
C349_4,0.000365880124494779
HISP2015_NUMBECUADORIAN,0.00036574356353457504
DP2000_PERCENTNONHISP,0.00036566964932558077
HC2011_PERCENTHOMESBUILTBEFORE19,0.0003641479391619246
DP2000_PERCENTASIANINDIAN,0.00036397022290517796
HISP2010_NUMBPANAMANIAN,0.00036229214017964486
EC2011_MEANFAMILYINC,0.0003622400236068251
EC2015_01_MEDIANFAMILYINC,0.0003610134045704947
SC2000_PERCENTLANGUAGEENGLISHONL,0.00036093210707391674
C1_1,0.00035982517953094234
SC2015_PERCENTEDUCBA,0.0003577025926340779
EC2000_PERCENTINC150K_199K,0.0003571787401913814
HISP2000_PERCENTGUATEMALAN,0.00035713082583115356
HISP2015_NUMBDOMINICAN,0.000356327455238321
HISP2010_NUMBCOSTARICAN,0.00035333723939358694
C1_6,0.000352694228355722
HISP2000_NUMBCENTRALAMERICAN,0.00035246564695612614
C222.3..Not.very.important,0.00035240959412208224
EC2000_PERCENTINC15K_24K,0.0003516489780297438
HISP2010_NUMBSOUTHAMERICAN,0.00035136677060223365
HISP2000_NUMBNICARAGUAN,0.0003512783065211
BLA206.2..Somewhat.agree,0.00035077810665397666
EC2011_MEDIANINCFULLTIMEMALE,0.00034903033010859656
S10.06..Cuba,0.0003489149579021659
DP2000_NUMBCUBAN,0.00034624656252999164
SC2011_PERCENTEDUCBA,0.0003462357311043888
DP2010_PERCENTHISP,0.00034615587651420075
L300.3..Neither.support.or.oppose,0.00034595552789958294
C222.2..Somewhat.important,0.0003446669704658679
DP2000_PERCENTASIAN,0.0003442858844690407
C110.4..Never,0.00034380551547009915
DP2015_PERCENTCUBAN,0.00034347702137486327
EC2011_PERCENTFAMILIESWKIDSBELOW,0.0003424209648301734
L266.3..Both.equally,0.0003423525969111548
DP2000_NUMBPUERTORICAN,0.0003423061457766993
C109.3..Slightly.as.an.outsider,0.00034227887179767073
LA202_3,0.00034104733395867113
DP2015_PERCENTAMERICANINDIANALAS,0.00034057856692242764
HISP2000_NUMBSAMERICAN,0.00033992815092935037
BLA191.03..Not.much,0.00033953857926837075
DP2015_PERCENTHISP,0.0003387620383620631
HISP2015_NUMBCHILEAN,0.0003386230869466841
HISP2000_PERCENTPANAMANIAN,0.00033795476745261715
L211B,0.0003371991975624366
HISP2010_PERCENTHONDURAN,0.00033702027157141135
DP2000_PERCENTASIANCHINESE,0.0003355590743803564
EC2011_PERCENTINC200K_MORE,0.0003355005824118939
L301.4..Somewhat.Disagree,0.0003341397818172467
HISP2000_NUMBECUADORIAN,0.0003340731859735078
DP2000_PERCENTPUERTORICAN,0.00033393350867691273
EC2000_MEDIANINCFULLTIMEMALE,0.00033288041544823037
SC2000_PERCENTLANGUAGENONENGLISH,0.00033211897799940917
L241.4..Somewhat.oppose,0.0003285908426203057
HISP2000_NUMBPERUVIAN,0.00032792003341489004
HISP2010_PERCENTGUATEMALAN,0.00032789680427074293
L300.5..Strongly.oppose,0.0003267639036440599
EC2011_PERCENTFAMILESBELOWPOVERT,0.0003264489666628445
HISP2010_NUMBCHILEAN,0.0003264056914672199
DP2010_PERCENTASIANVIETNAMESE,0.00032607143650512175
HISP2000_NUMBVENEZUELAN,0.00032606345118705297
C349_5,0.0003259555377001921
HISP2010_NUMBPERUVIAN,0.0003255180699624824
EC2000_PERCENTINC200K_MORE,0.0003252927047556608
HISP2015_NUMBPERUVIAN,0.0003251800021569457
L299.4..Strongly.disagree,0.00032363034460850665
L20.5..Not.at.all,0.0003235847031146595
L269.3..Language.skills.of.Hispanics.Latinos,0.000321485367202032
BLA190.03..Not.much,0.00032047375358567335
DP2000_PERCENTCUBAN,0.00032008011455326985
C118.4..Rarely,0.00031494586936138856
DP2015_PERCENTASIANCHINESE,0.0003147402347557882
LA202_2,0.0003138401588780433
DP2000_PERCENTASIANOTHER,0.0003119924491804352
LA202_1,0.00031165864996657457
L290.3..Neither.Disagree.or.Agree,0.0003109744733040175
HISP2000_PERCENTHONDURAN,0.000310889051096273
HISP2000_NUMBCHILEAN,0.0003107499057163815
HISP2000_NUMBARGENTINEAN,0.0003059222457531493
C339.3..Stay.the.same,0.00029994044439060787
EC2000_MEDIANINCFULLTIMEFEMALE,0.0002988194923897954
EC2011_MEDIANFAMILYINC,0.00029684088575881795
HISP2010_NUMBURUGUAYAN,0.00029544352446783537
L231.3..Sometimes.treated.unfairly,0.00029292306347067495
DP2010_PERCENTASIAN,0.00029211815492709623
HISP2000_NUMBOTHERCENTRALAMERICA,0.0002893443622083393
EC2000_MEDIANHHINC,0.00028926360032794436
C26.2..Not.strong,0.00028921892684914436
BL175.4..Disagree,0.00028878627554525667
C118.5..Never,0.00028792410312505716
BL89.2..Yes..somewhat,0.00028787283676804304
C5.3..Somewhat.unfavorable,0.0002868123442395559
HISP2000_NUMBOTHERSAMERICAN,0.0002855263958496487
C228.3..Neither.support.or.oppose,0.00028344080581610914
C262.04..4,0.00028211260718721533
HISP2000_PERCENTDOMINICAN,0.00028124958874645726
C42.3..Neither.agree.nor.disagree,0.0002806038450838947
DP2015_PERCENTASIANINDIAN,0.00027994322517229634
HISP2000_NUMBPANAMANIAN,0.00027701219272856237
L302.88..Don.t.Know,0.0002759203889638693
HISP2010_NUMBOTHERCENTAMERICAN,0.0002758063915026287
HISP2010_NUMBVENEZUELAN,0.0002747448931000825
HISP2000_PERCENTECUADORIAN,0.0002739452490788676
DP2015_PERCENTHAWAIIANPACIFICISL,0.00027336524529127885
HISP2010_NUMBARGENTIANEAN,0.00027282009135883614
BL174.3..Neither.agree.nor.disagree,0.0002724545779544939
C115.3..Sometimes,0.00027227260837328415
DP2010_PERCENTASIANFILIPINO,0.000269946053619403
HISP2010_PERCENTSOUTHAMERICAN,0.00026953136249047524
DP2010_PERCENTASIANCHINESE,0.00026761267469384975
HISP2015_NUMBVENEZUELAN,0.00026722758566300153
LA202_4,0.0002640304342756344
LA203.3..Somewhat.supports.Republicans,0.00026383825915676237
DP2000_PERCENTASIANVIETNAMESE,0.00026335762554545266
HISP2010_PERCENTNICARAGUAN,0.0002632866913909812
C272,0.0002622891287165628
DP2010_PERCENTHAWAIIANPACIFICISL,0.000261802940270347
BL173.2..Agree,0.0002598945922682549
DP2010_PERCENTJAPANESE,0.00025691558513098856
HISP2000_PERCENTCHILEAN,0.00025670120853600706
C11.5..Not.familiar.with.them,0.0002564252615223576
L294.05..4,0.00025452639735967705
C221.4..Very.likely,0.00025253804961183706
C221.3..Somewhat.likely,0.00025084629966792637
HISP2010_NUMBPARAGUAYAN,0.00025037801420886964
DP2010_PERCENTASIANINDIAN,0.00025037755605615954
C338.3..Stay.the.same,0.0002503503649969915
HISP2010_NUMBBOLIVIAN,0.00024954216219113027
HISP2010_NUMBOTHERSOUTHAMERICAN,0.00024943385611607286
C137.4..Not.Similar.At.All,0.00024775109038888094
C142.2..Somewhat.support,0.000246878684139536
L294.11..10...Extremely.favorable,0.0002452823130901915
L299.2..Agree,0.00024489794846276
HISP2000_PERCENTPERUVIAN,0.000243601428177791
BL87.3..Maybe,0.00024032535562342017
L290.4..Somewhat.Disagree,0.00024029979945442963
C31.6..None.of.these,0.0002400115490114111
C139.4..Not.Similar.At.All,0.0002394936448485691
DP2015_PERCENTASIANJAPANESE,0.00023846607415688647
DP2000_PERCENTASIANKOREAN,0.00023815311759180026
C1_13,0.00023524517573945923
HISP2010_PERCENTDOMINICAN,0.00023520389500504188
C41.4..Disagree,0.00023478037768272754
L198.2..Somewhat.Agree,0.00023471520597852265
HISP2000_PERCENTOTHERCENTRALAMER,0.00023433581309749966
L294.06..5...Neither.favorable.nor.unfavorable,0.00023331430912269322
C66.2..No,0.0002323600335663785
C249.3..A.little,0.00023126983404895676
C363.3..Neighbors.mostly.of.different.racial.or.ethnic.backgrounds,0.00023103472572583628
C43.2..Agree,0.00023082428539712366
C245.4..None.at.all,0.00023059865471882507
LA204.7..I.don.t.know.where.they.stand,0.00022880708853551107
S10.12..Mexico,0.0002267362174033252
C245.3..A.little,0.00022671570919509179
BL92.4..No,0.00022560923938161784
L220.3..Neither.agree.nor.disagree,0.00022558620296706986
C48.4..Never.at.all,0.00022484580005672442
HISP2000_PERCENTNICARAGUAN,0.00022424153924968134
LA303.4..Somewhat.Disagree,0.00022347690825853589
L366.2..Very.worried,0.00022333836415457396
C118.2..Most.of.the.time,0.00022148387463140145
DP2010_PERCENTKOREAN,0.00022119956236153337
L294.03..2,0.00022069848093659165
HISP2000_PERCENTVENEZUELAN,0.00022067203911986264
C38.2..They.should.be.allowed.to.stay.in.their.jobs..but.temporarily,0.00021958175480780653
DP2000_PERCENTASIANJAPANESE,0.0002193456018979821
HISP2010_PERCENTECUDORIAN,0.00021825665901227027
HISP2000_NUMBURUGUAYAN,0.00021651510281084016
C273,0.00021485909038261635
C107.4..Not.at.all.belong,0.00021418759442797878
C334.3..Somewhat.oppose,0.00021379278157648504
L301.3..Neither.Disagree.or.Agree,0.00021278714745760925
BLA205.2..Somewhat.agree,0.00021244293619139122
HISP2015_NUMBBOLIVIAN,0.000212324744531052
C391_1.3..Never.served.in.military,0.00021204095472684758
C275.9..9...Very.comfortable,0.00021025009684971438
C23.3..Getting.a.little.worse,0.0002091653089844073
L212.3..Somewhat.disagree,0.00020775693709066778
L209.2..Moderate.amount,0.000206888601088662
LA202_5,0.00020590641409952778
C44.2..Agree,0.0002054611270516212
C385.3..Married,0.00020501920210519645
C236.3..Not.too.effective,0.00020373344908027445
DP2015_PERCENTASIANKOREAN,0.0002035559024849171
HISP2010_PERCENTCOLOMBIAN,0.00020336135937015006
C391_2.3..Never.served.in.military,0.00020305920718656034
L209.4..None.at.all,0.00020252532786800965
C84.02..No..no.one.has.ever.suggested,0.00020214362966586424
C246.2..Some,0.00020153161965315856
L220.4..Somewhat.agree,0.00020097069554529177
C131.6..Never,0.00020040145204612838
BL91.3..Maybe,0.00020028917721558187
DP2000_PERCENTHAWAIIANPACIFICISL,0.00019927150659068422
C277.2..Yes..over.5.years.ago,0.00019853675865657135
C23.4..Getting.a.lot.worse,0.00019842002106736624
HISP2000_PERCENTOTHERSAMERICAN,0.0001957504872931991
C223.4..It.would.not.matter.at.all,0.0001951481122121296
C108.3..Somewhat.disagree,0.00019512237612919324
C138.4..Not.Similar.At.All,0.00019432464767620307
BL95.2..Yes..somewhat,0.0001923973342331315
BL229.88..Don.t.know,0.0001921434787353512
L232.2..Worried.some,0.00019149837697705755
C385.2..Single.but.living.with.someone,0.00019033489537927922
C44.4..Disagree,0.0001895767959757255
HISP2000_PERCENTBOLIVIAN,0.00018940829652085386
C340.2..Increase,0.00018829667938171773
BLA146.2..Will.soon.achieve.racial.equality,0.00018819564074906613
C226.3..A.little,0.0001863393415489632
L270.3..Neither.try.to.hide.nor.emphasize.my...S2...ethnicity,0.00018506658421275432
BL172.4..None,0.00018468754205878756
C1_7,0.00018420256211882613
BL88.2..Yes..somewhat,0.0001838802521274906
C317.03..Not.much.at.all,0.0001827760276916961
HISP2000_PERCENTCOSTARICAN,0.0001804733983508601
C329.2..No,0.00017991768726342155
HISP2000_NUMBPARAGUAYAN,0.0001797017580986043
C236.4..Not.at.all.effective,0.00017961808780356557
C109.2..Moderately.as.an.outsider,0.0001792569081587381
C11.2..Somewhat.favorable,0.0001788139604511685
L215.88..Don.t.Know,0.0001776125696044405
C334.4..Strongly.oppose,0.00017749962729747648
C45.2..Agree,0.00017654889664864162
L302.02..Some,0.00017071827491632296
L18.3..Not.at.all.competitive,0.00017048253270925029
BLA190.02..Some,0.0001701598425885911
C243.3..A.little,0.00016993437178101296
C363.2..Neighbors.mostly.of...S2_plural..,0.0001694584242903793
BL92.2..Yes..somewhat,0.0001693349491905914
C383.05...50.000.to..59.999,0.00016891720462612362
L219.3..Neither.agree.nor.disagree,0.00016879306305234374
BL92.3..Maybe,0.0001682373757580593
S1.1..English,0.0001677725087487645
C43.4..Disagree,0.00016661724488387344
LA303.3..Neither.Disagree.or.Agree,0.00016655726008427572
C45.3..Neither.agree.nor.disagree,0.0001664102833504386
C9.3..Somewhat.unfavorable,0.00016626573909924762
HISP2000_PERCENTARGENTINEAN,0.00016613910328522205
L270.5..Definitely.try.to.emphasize.my...S2...ethnicity,0.00016572755064920455
C1_2,0.00016491082817846205
LA203.7..I.don.t.know.where.they.stand,0.00016482396877960678
C392.3..I.do.not.have.a.state.issued.photo.ID,0.0001644541983643435
C355.5..Poor,0.00016414590799595583
BLA207.3..Somewhat.disagree,0.0001628778706863156
L294.04..3,0.00016286662482953103
C388.02..No,0.00016254822541960322
C265_1,0.0001624527275953904
C138.2..Somewhat.Similar,0.0001623432282605539
HISP2015_NUMBURUGUAYAN,0.00016197201329825735
C119.5..Never,0.0001616470999109614
L215.02..U.S..should.help.other.countries,0.00016157794184737094
L271.5..Not.accurately.at.all,0.0001603872098824654
C236.2..Somewhat.effective,0.00016033674846556648
LA303.2..Somewhat.Agree,0.0001594325573047793
HISP2015_NUMBOTHERCENTRALAMERICA,0.00015905255934643565
BL229.03..Not.too.effective,0.00015855459988234596
C107.2..Moderately.belong,0.00015798268893987426
L271.2..Very.accurately,0.00015781353782301863
C10.2..Somewhat.favorable,0.00015766175389922524
C119.2..Most.of.the.time,0.00015765234255783715
BL171.2..More.important.than.most,0.00015729695731405704
C31.3..Moderate,0.0001570662729235318
C223.2..It.would.matter.some,0.00015635789287247868
L267.3..Both.equally,0.0001563541758088167
C11.3..Somewhat.unfavorable,0.0001551649454476826
C287.2..Good.job,0.00015485631869322064
C225.2..Very.good,0.00015425553950130274
L216.5..Like...Pronoun1_Hid....very.much,0.00015410774867557613
C348.7..Several.times.a.week,0.00015389000137326528
C110.3..Rarely,0.00015323568281037914
L216DESC_HID.2..2.Manuel.L.f3.pez..has.been.described.by.his.colleagues.in.local.government.as.an.intelligent..compassionate..and.understan,0.00015260345087660348
BL175.3..Neither.agree.nor.disagree,0.00015145709097395103
C71.88..Don.t.Know,0.00015140800233150788
HISP2010_PERCENTCOSTARICAN,0.00015136338182081618
BLA208.2..Somewhat.agree,0.0001505374198490668
C254.2..No,0.00015048204241899628
L293.03..2,0.0001501070367782911
LA193.2..Somewhat.important,0.0001500943808488813
C43.3..Neither.agree.nor.disagree,0.00015005818893107156
C106.4..Disagree,0.0001493529352201322
C237.4..Bisexual,0.0001493119369488547
L241.3..Neither.support.or.oppose,0.0001490391682729669
BL227.4..Not.at.all.well,0.00014899061332119138
C129.9..None,0.00014854699634782344
C336.2..Increase,0.00014837218922665019
C239.3..Not.that.important,0.0001479991153767764
C331.2..No,0.00014611985241096338
BL171.5..Not.important.at.all,0.00014525030147496495
L230.88..Don.t.know,0.0001447822246079449
C382M.5..4.year.college.graduate,0.00014470923615015604
C40.2..Agree,0.00014464372802132957
C322.2..Sometimes,0.00014459940767991094
C152.2..I.feel.negatively.about.this.link.with.my.racial.or.ethnic.group,0.000143836117007453
C355.2..Very.good,0.00014366800649680953
HISP2010_PERCENTPERUVIAN,0.0001429369296382551
BL173.4..Disagree,0.00014281721168065383
C341.3..Stay.the.same,0.00014220094968323788
C387.3..Good,0.0001420469291519833
C33.3..Not.that.interested.in.politics,0.0001411349923029849
L300.2..Somewhat.support,0.00013983042428125363
C194.2..Somewhat.important,0.00013914832658781836
C1_9,0.00013855690458134109
C239.2..Somewhat.important,0.00013833545664014864
C391_12.3..Never.served.in.military,0.0001382430130355691
L269.2..Skin.color.of.Hispanics.Latinos,0.00013823801051999284
C361.4..Fair,0.00013811226507476598
C319.4..Never,0.00013774969251230778
C282.3..No,0.0001373923129218012
LA250.5..Don.t.know,0.000137203640880678
L192.3..Not.very.important,0.00013701522486986122
C120.4..Rarely,0.00013643511321490467
C111.3..Sometimes,0.00013603538739044303
C317.02..Some,0.00013557724617221367
C340.3..Stay.the.same,0.00013515040999675167
L293.07..6,0.00013504360578496822
C118.3..About.half.of.the.time,0.00013478483200649011
L294.07..6,0.00013453613622586377
L299.3..Disagree,0.0001344068881211409
C388.88..Don.t.know,0.00013430357995839034
C33.2..Somewhat.interested,0.000133524968926677
C288.2..A.little.concerned,0.00013342462527555192
C381.3..High.school.graduate.or.GED,0.0001330786900134714
BL171.3..As.important.as.other.activities,0.00013293204780379347
C137.2..Somewhat.Similar,0.0001325736520755825
L214.3..Somewhat.disagree,0.0001324164203830405
C42.2..Agree,0.00013223802177143526
C72.88..Don.t.Know,0.0001322146308987211
C283.3..No,0.00013166927033072856
C140.2..Somewhat.Similar,0.0001313158611753455
C325.3..Occasionally,0.00013108228264185724
S7.3..Puerto.Rico,0.00013097239888004616
C8.5..Not.familiar.with.them,0.00013068390387634832
BL172.3..Some,0.00012998082921038409
L21.2..A.lot,0.00012885529812383477
C234.2..Somewhat.effective,0.00012855265830285123
C279.2..Yes..over.5.years.ago,0.0001283211825486801
URBANICITY9,0.00012814261253507443
L232.3..Only.a.little,0.00012809686445247302
C78.2..No,0.0001280215683171079
C390.2..Employed.part.time,0.000127532560396113
C1_3,0.0001274999942858721
C140.3..Not.Very.Similar,0.00012736538257501716
C13.3..Voted.at.my.precinct.on.Election.Day,0.00012721658124152042
C257.2..No,0.00012702648846324568
C62.2..No,0.00012693005389531479
C391_2.2..A.veteran,0.00012681764876779775
C233.3..Not.too.effective,0.000126685181930497
BL89.3..Maybe,0.00012665110665407566
C323.4..Never,0.00012644075564168897
LA303.5..Strongly.Disagree,0.00012639843009770374
C73.88..Don.t.Know,0.0001261132170137299
BL94.3..Maybe,0.000124720712729883
L231.2..Sometimes.treated.fairly,0.0001243810774149344
C346.2..No,0.00012423475366923008
HISP2010_PERCENTARGENTINEAN,0.00012420436746182957
C359.2..Very.good,0.0001237626056461611
C48.3..Only.sometimes,0.0001233946978337492
L269.4..Immigration.status.of.Hispanics.Latinos,0.00012336671645741114
BLA191.02..Some,0.00012323854946828244
C68.2..No,0.00012300709834989798
C247.2..Some,0.00012292272655227128
C281.2..Yes..over.5.years.ago,0.00012235886441355837
C119.3..About.half.of.the.time,0.0001220768204955905
C137.3..Not.Very.Similar,0.00012167121033039483
C42.4..Disagree,0.00012145923042915989
C131.5..Hardly.ever,0.00012059783758834648
BL174.4..Disagree,0.00012039819014626906
S10.17..Puerto.Rico,0.00012033694543413955
C233.4..Not.at.all.effective,0.00012032500505016689
HISP2015_NUMBPARAGUAYAN,0.00012015128692192694
BLA190.88..Don.t.Know,0.00011983127427303888
C280.2..Yes..over.5.years.ago,0.00011971748726759649
C264.6..6,0.00011971099857583468
C324.4..Never,0.00011954557648033811
LA147.3..Neither.agree.nor.disagree,0.00011929077000867462
C330.2..No,0.00011914789529214031
L290.2..Somewhat.Agree,0.00011886527244562552
L22.4..A.little,0.00011870385921621753
L241.2..Somewhat.support,0.00011840262362520987
BL173.3..Neither.agree.nor.disagree,0.00011824838729928814
C261.3..About.the.same,0.00011748088724391288
C73.02..Somewhat.important,0.00011710909642787769
C380.3..Don.t.know,0.00011611534126967037
C265_2,0.00011594773687578082
C240.2..Some,0.00011571019550439326
C335.2..Increase,0.00011557766223131291
C380.2..Yes..Afro.Latino,0.00011553950508377509
BL172.2..Most,0.00011494399494763193
C318.88..Don.t.Know,0.00011448318761144565
C81.02..No,0.0001142141909874026
C357.2..Very.good,0.00011417186463729338
C34_1,0.0001141679338532211
C263.7..7,0.00011413380468596418
BLA146.4..Will.never.achieve.racial.equality,0.00011398286583213103
C326.4..Never,0.00011379049051148688
HISP2010_PERCENTPANAMANIAN,0.000113053333259491
C281.3..No,0.0001128621699243059
C1_4,0.00011205698090936414
C382M.4..Some.college..2.year.degree,0.00011194077945411107
C74.02..Somewhat.important,0.00011183289430896923
HISP2015_NUMBOTHERSAMERICAN,0.0001116942241980712
C382M.3..High.school.graduate.or.GED,0.00011157846158318133
C382F.5..4.year.college.graduate,0.00011147851072590817
C114.2..Often,0.00011139319385815035
C383.02...20.000.to..29.999,0.00011118608649613232
C64.2..No,0.00011117671881881211
C392.2..I.have.a.photo.ID..but.it.is.expired,0.0001110600471522291
C323.2..Sometimes,0.00011082488078098564
C40.3..Neither.agree.nor.disagree,0.00010995480489867382
C248.4..None.at.all,0.00010976225897461328
C285.2..Felony,0.00010969495521981377
C248.2..Some,0.00010876487250888756
L270.4..Probably.try.to.emphasize.my...S2...ethnicity,0.00010842224974493961
L21.3..Some,0.00010838280767232193
BLA208.3..Somewhat.disagree,0.00010835222899750865
L218.3..Somewhat.likely,0.00010819028469958265
C139.3..Not.Very.Similar,0.00010813615927234806
L366.3..Somewhat.worried,0.00010784114129566634
C289.2..Yes..someone.I.know,0.00010755499265211546
C76.88..Don.t.Know,0.00010692613859958014
C348.2..Once.a.year.or.less,0.00010616943850247463
C76.02..Somewhat.important,0.00010482511519982967
C71.02..Somewhat.important,0.00010472990473627074
S7.2..Another.country,0.00010471926783148094
C332.2..No,0.00010471909962394245
L22.3..Some,0.00010455765605194422
C226.4..Nothing.at.all,0.00010426358281610227
C233.2..Somewhat.effective,0.00010397542636750953
C336.3..Stay.the.same,0.00010379518145270928
L19.2..Yes..a.lot,0.0001037359498599836
C39.2..Agree,0.00010371556087788997
BL94.4..No,0.00010355764239579056
C1_5,0.00010337084007561005
L295.3..Disagree,0.00010331760305185159
C327.4..Never,0.00010327426286396477
BL95.3..Maybe,0.0001032075781421574
C107.3..Slightly.belong,0.00010316179299943634
BL96.3..Maybe,0.00010309691047518359
C74.03..Not.that.important,0.00010303626287454759
L293.04..3,0.00010281301822206675
C5.5..Not.familiar.with.them,0.00010277262351161082
A103_TREATMENTS.2..B,0.00010262321545623751
L212.4..Strongly.disagree,0.0001025603976637206
C278.3..No,0.00010238610792784977
C278.2..Yes..over.5.years.ago,0.00010160547820137956
C391_12.2..A.veteran,0.00010143353308882936
LA147.2..Agree,0.00010107063757017323
C235.3..Not.too.effective,0.00010107050360520443
C131.2..Almost.every.week,0.00010072910101128875
C47.3..Only.sometimes,0.00010057773155704375
HISP2000_PERCENTURUGUAYAN,0.00010053725358802814
L293.08..7,0.00010053470995539762
C279.3..No,0.00010045465882030752
C53.3..None,0.00010036403956174908
L213.4..Strongly.disagree,9.992919863202562e-05
HISP2010_PERCENTVENEZUELAN,9.983308208039373e-05
L292.09..8,9.983200442159534e-05
C74.88..Don.t.Know,9.977805347292504e-05
C10.3..Somewhat.unfavorable,9.959725707213475e-05
C63.2..No,9.904439635643725e-05
C325.4..Never,9.888391331497109e-05
S1.2..Spanish,9.830826238341741e-05
C139.2..Somewhat.Similar,9.830646308143144e-05
C72.04..Not.at.all.important,9.814512555027608e-05
L269.5..Political.language.used.to.describe.Hispanics.Latinos,9.803308075804995e-05
L22.5..Not.at.all,9.797611386089742e-05
L24.3..Watch.English...Spanish.pretty.equally,9.786125731464388e-05
C287.3..Fair.job,9.779391808141596e-05
LA200.3..Not.much,9.764764848313965e-05
C318.03..Not.much.at.all,9.749782368930804e-05
C391_8.3..Never.served.in.military,9.722765969316249e-05
C114.3..Sometimes,9.689072458853743e-05
C49.2..No,9.642950144554952e-05
C75.02..Somewhat.important,9.640825040105719e-05
C275.5..5,9.637122751235884e-05
C351.2..Very.good,9.634151400400659e-05
C48.2..Most.of.the.time,9.579413090229959e-05
C381.4..Some.college..2.year.degree,9.575780030612551e-05
C283.2..Yes..over.5.years.ago,9.56483966733833e-05
BL96.2..Yes..somewhat,9.559988595116224e-05
L24.2..More.English..but.some.Spanish,9.558621749115217e-05
C382F.3..High.school.graduate.or.GED,9.557596961996657e-05
C335.3..Stay.the.same,9.5229362448965e-05
C39.3..Neither.agree.nor.disagree,9.513455502384691e-05
C361.3..Good,9.50753814440713e-05
BL176.03..A.small.impact,9.480755512971203e-05
C224.4..I.do.not.have.a.mobile.device.with.a.camera,9.466673566595546e-05
C32.2..I.occasionally.vote.in.state.local.elections,9.451932727425444e-05
C71.03..Not.that.important,9.430429111589326e-05
L268.3..A.moderate.problem,9.413676478284982e-05
L292.06..5...Neither.favorable.nor.unfavorable,9.389090522207725e-05
L298.2..Agree,9.371895333458079e-05
L216DESC_HID.4..4.Manuela.L.f3.pez..has.been.described.by.her.colleagues.in.local.government.as.an.intelligent..compassionate..and.understa,9.363439695634253e-05
L302.03..Not.much,9.352814044492864e-05
C361.5..Poor,9.345246581988295e-05
C382M.2..Some.high.school,9.323575429800115e-05
C355.3..Good,9.323127211151032e-05
L213.3..Somewhat.disagree,9.317871368671283e-05
C280.3..No,9.316046959736898e-05
C351.5..Poor,9.233871240660723e-05
C120.5..Never,9.225849771700632e-05
C75.88..Don.t.Know,9.203667565706286e-05
BL176.02..A.moderate.impact,9.203246293254877e-05
BL227.3..Not.too.well,9.201169383561799e-05
C152.3..Neither.positive.or.negative,9.175848191111762e-05
L364.3..Don.t.know,9.140213185609144e-05
L218.2..Very.likely,9.130301463934383e-05
C8.2..Somewhat.favorable,9.123878069363425e-05
C264.5..5,9.121974426944155e-05
C322.4..Never,9.084973136861965e-05
C321.4..Never,9.076937614055022e-05
C81.88..Don.t.know,9.075198230254474e-05
C359.3..Good,9.07000461793933e-05
BL171.4..Not.as.important,9.069805558044093e-05
LA200.2..Some,9.056504490863966e-05
L219.2..Somewhat.disagree,9.05240593088879e-05
C321.2..Sometimes,9.029197127831279e-05
L295.2..Agree,9.029139929877515e-05
L216DESC_HID.6..6.Jay.Larsen..has.been.described.by.his.colleagues.in.local.government.as.an.intelligent..compassionate..and.understandi,9.004487450084048e-05
BLA191.88..Don.t.Know,8.999450772217904e-05
LA193.3..Not.very.important,8.993886465535074e-05
C238.2..No,8.975378669064352e-05
C40.4..Disagree,8.95243437492328e-05
BL87.4..No,8.947733156053788e-05
C223.3..It.would.not.matter.very.much,8.925293835767838e-05
C284.3..No,8.914626410387312e-05
C325.2..Sometimes,8.895477290589426e-05
C361.2..Very.good,8.858687951087961e-05
BL90.2..Yes..somewhat,8.854996206991306e-05
C334.2..Somewhat.favor,8.845225717173036e-05
C390.5..Currently.unemployed,8.82164956408607e-05
C234.4..Not.at.all.effective,8.773116320519462e-05
C113.3..Sometimes,8.773061931884729e-05
C264.7..7,8.77054992540142e-05
L214.4..Strongly.disagree,8.765761736090796e-05
C106.3..Neither.agree.nor.disagree,8.741660364426246e-05
C381.2..Some.high.school,8.71667495509145e-05
BL91.4..No,8.703430248434556e-05
C249.5..Don.t.know,8.672588651478716e-05
HISP2000_PERCENTPARAGUAYAN,8.669978785495947e-05
LA204.6..Does.not.support.any.political.party.at.all,8.606198141148274e-05
C383.99..Refused,8.600714701146941e-05
C225.5..Poor,8.590777117216758e-05
HISP2010_PERCENTCHILEAN,8.580777906333138e-05
C121.2..Agree,8.568111040457003e-05
C108.4..Strongly.disagree,8.559543270266411e-05
C373.3..Latino.or.Hispanic,8.547099918995103e-05
C277.3..No,8.512776410943305e-05
C377.02..Both.parents.born.in.another.country,8.508170123742705e-05
C391_9.2..A.veteran,8.489639487570496e-05
C234.3..Not.too.effective,8.465877967768521e-05
L21.4..A.little,8.455097893597549e-05
L366.4..A.little.worried,8.434554378107981e-05
C319.3..Occasionally,8.427694678845131e-05
C32.4..I.vote.in.every.single.state.local.election,8.411294302936439e-05
L294.10..9,8.376228905938029e-05
C353.3..Good,8.365338954031634e-05
LA250.2..Some,8.354562239994212e-05
L199.3..Mostly.say..they.,8.348144734309668e-05
L216DESC_HID.7..7.Jill.Larsen..has.been.described.by.her.colleagues.in.local.government.as.an.intelligent..tough..and.ambitious.candidat,8.333567982110475e-05
C72.02..Somewhat.important,8.317147295317484e-05
L209.3..A.little,8.294055979231784e-05
L271.4..Slightly.accurately,8.243110412107042e-05
C276.2..Personal.information.that.I.provide.to.my.doctor.and.health.care.providers.is.sometimes.shared.and.not.always.secure.,8.235300409841937e-05
C76.04..Not.at.all.important,8.203067253673926e-05
L216NAME_HID.4..Jill.Larsen,8.152588177954222e-05
C320.4..Never,8.145165561699033e-05
C377.04..1.parent.born.in.U.S..1.parent.born.elsewhere,8.107360897811688e-05
C224.3..Yes..I.have.done.that.two.or.more.times,8.106267991536738e-05
C391_7.2..A.veteran,8.076390053632636e-05
C1_14,8.067347061696713e-05
L218.5..Very.unlikely,8.066218900304735e-05
C221.2..Not.very.likely,8.058629846948039e-05
C385.5..Widowed,8.045103024324753e-05
C359.4..Fair,8.041998200928341e-05
C138.3..Not.Very.Similar,8.02643590662155e-05
L217.7..Extremely.well,8.003178921072339e-05
C341.2..Increase,8.000401359424299e-05
C47.2..Most.of.the.time,7.981558023092687e-05
S10.13..Nicaragua,7.970350036825629e-05
C320.2..Sometimes,7.881658135664251e-05
C355.4..Fair,7.87652669782151e-05
C61.2..No,7.853174594583707e-05
L220.5..Strongly.agree,7.78049277919697e-05
C13.2..Voted.early.in.person,7.73545391371158e-05
L212.2..Somewhat.agree,7.698946825778546e-05
C381.5..4.year.college.graduate,7.682728303145934e-05
C80.2..You.were.dismissed.for.some.other.reason,7.678723358655257e-05
C391_1.2..A.veteran,7.676478391008715e-05
L216.3..Neither.dislike.nor.like...Pronoun1_Hid..,7.670871975299674e-05
C121.3..Neither.agree.nor.disagree,7.670111301743799e-05
L192.2..Somewhat.important,7.665834586964839e-05
L216DESC_HID.5..5.Jay.Larsen..has.been.described.by.his.colleagues.in.local.government.as.an.intelligent..tough..and.ambitious.candidate,7.653727189196378e-05
L18.2..Somewhat.competitive,7.642297668739189e-05
C387.2..Very.good,7.641722680898927e-05
C225.4..Fair,7.630296452651653e-05
LA202_NONE.1..Did.not.learn.from.any.of.these.sources,7.628776981005644e-05
C194.3..Not.very.important,7.598510233959127e-05
BL91.2..Yes..somewhat,7.593931020950905e-05
C289.3..No..none.of.these,7.562517549407542e-05
L220.2..Somewhat.disagree,7.561110756123129e-05
BL94.2..Yes..somewhat,7.557751885168584e-05
PRONOUN1_HID.2..her,7.557707608976711e-05
C391_9.3..Never.served.in.military,7.555923035193578e-05
C106.2..Agree,7.543537533135414e-05
L298.3..Disagree,7.539941614862232e-05
C80.3..You.have.not.been.asked,7.527562849378612e-05
BL227.2..Fairly.well,7.472372460278032e-05
BL176.88..Don.t.know,7.437579916529415e-05
L199.2..Mostly.say..we.,7.420876202441997e-05
C373.6..American.Indian.or.Alaskan.Native,7.416524654984749e-05
L20.2..A.lot,7.394343472850379e-05
C353.5..Poor,7.385407746423234e-05
C264.4..4,7.3780741394396e-05
LA203.6..Does.not.support.any.political.party.at.all,7.35259730186251e-05
C262.03..3,7.347876202950002e-05
BLOCK_274_275.2..Block.B,7.343475688153469e-05
C389.3..Live.with.someone.else,7.33708511393888e-05
L213.2..Somewhat.agree,7.330790696280973e-05
C263.9..9...Very.important,7.311104814340509e-05
C322.3..Occasionally,7.308254959243253e-05
BL93.3..Maybe,7.303961310250152e-05
LA203.5..Considers.themselves.Independent,7.241286216054876e-05
C286.3..Yes..two.or.more.people,7.228020136473084e-05
C382F.4..Some.college..2.year.degree,7.221221574352879e-05
BL93.4..No,7.21935897350009e-05
C248.5..Don.t.know,7.218822535343426e-05
L19.3..Yes..some,7.189098941343067e-05
C326.3..Occasionally,7.1823166263628e-05
C285.3..No..none.of.these,7.153142290912953e-05
C264.9..9...Very.important,7.149032765658185e-05
C129.8..Other..Specify.,7.132972764838765e-05
C108.2..Somewhat.agree,7.129420218753998e-05
L218.6..Extremely.unlikely,7.102062500875452e-05
C262.05..5,7.075387754287072e-05
C391_4.3..Never.served.in.military,7.037831843787055e-05
L219.5..Strongly.agree,7.031161463745996e-05
L216NAME_HID.3..Jay.Larsen,7.011347893640965e-05
L217.6..Very.well,6.993603749651032e-05
C284.2..Yes..over.5.years.ago,6.992317286050322e-05
C359.5..Poor,6.981325147058375e-05
C386.2..Latino,6.977560676375248e-05
C235.4..Not.at.all.effective,6.971452023411694e-05
HISP2010_PERCENTBOLIVIAN,6.967218495169825e-05
C326.2..Sometimes,6.948188374740056e-05
C75.04..Not.at.all.important,6.932594529832713e-05
L216NAME_HID.2..Manuela.L.f3.pez,6.908278209167887e-05
C391_7.3..Never.served.in.military,6.906217194353925e-05
C362.2..No,6.895915707284979e-05
C244.4..None.at.all,6.892062925250767e-05
C245.5..Don.t.know,6.88077870441818e-05
S10.20..Spain.Spanish,6.880703814867586e-05
L22.2..A.lot,6.85090555941701e-05
C59.2..No,6.835819903134238e-05
LA204.5..Considers.themselves.Independent,6.835425041969472e-05
C10.5..Not.familiar.with.them,6.802509413034859e-05
C348.5..Several.times.month,6.798755880088034e-05
C324.3..Occasionally,6.793850832250216e-05
C382F.6..Post.graduate.education,6.78900154487321e-05
C224.2..Yes..I.have.done.than.once,6.788170616704541e-05
BLA206.3..Somewhat.disagree,6.759989708963652e-05
C348.3..Several.times.a.year,6.750136239282185e-05
C323.3..Occasionally,6.678025271388325e-05
C75.03..Not.that.important,6.64334387520873e-05
C351.3..Good,6.630050061992903e-05
C12.2..No..I.did.NOT.vote,6.626568371065488e-05
C34_4,6.612085989419796e-05
C317.88..Don.t.Know,6.523243047870183e-05
C264.8..8,6.522054949605989e-05
C34_2,6.514420246296368e-05
BL90.4..No,6.508215274570902e-05
L217.5..Somewhat.well,6.450221314428767e-05
C86.3..No..I.have.never.thought.about.it,6.449706969416205e-05
C1_8,6.430320107268538e-05
C263.5..5,6.404257352431844e-05
C357.5..Poor,6.397314105095872e-05
L214.2..Somewhat.agree,6.396140193886585e-05
C391_4.2..A.veteran,6.384494413519152e-05
C120.2..Most.of.the.time,6.3302987224364e-05
C353.2..Very.good,6.328528215639306e-05
C264.3..3,6.292681418517552e-05
C225.3..Good,6.283299068607565e-05
C240.3..Not.much,6.281673481714747e-05
BL87.2..Yes..somewhat,6.281638170532119e-05
C263.3..3,6.275321586598459e-05
C73.04..Not.at.all.important,6.271871478191933e-05
C262.06..6,6.266515985032762e-05
C249.4..None.at.all,6.264280415242117e-05
C60.2..No,6.238167662680271e-05
S4TX,6.233271011014152e-05
PRONOUN2_HID.2..she,6.222396547188139e-05
L217.4..Neither.well.nor.poorly,6.203111335632818e-05
C32.3..I.vote.in.many.state.local.elections,6.196465244605253e-05
C391_14.2..A.veteran,6.180163180658372e-05
C318.02..Some,6.158077377385179e-05
C391_5.2..A.veteran,6.146578066788591e-05
C247.4..None.at.all,6.0971191204405725e-05
L218.4..Somewhat.unlikely,6.0684728081961126e-05
L271.3..Moderately.accurately,6.048551335966745e-05
C391_11.3..Never.served.in.military,6.0330812873340294e-05
C383.06...60.000.to..69.999,6.0104475433024356e-05
L19.6..Don.t.remember,6.0026050534633164e-05
C39.5..Strongly.disagree,5.999921303470433e-05
C72.03..Not.that.important,5.984655660233434e-05
BL90.3..Maybe,5.9732941483298464e-05
C351.4..Fair,5.970791359665806e-05
C243.5..Don.t.know,5.95780409684099e-05
C391_14.3..Never.served.in.military,5.9559760914266834e-05
C373.2..Black,5.934977909523951e-05
L20.4..A.little,5.927032664225464e-05
C71.04..Not.at.all.important,5.9125288663486e-05
C383.10...100.000.to..149.999,5.907582324750816e-05
C324.2..Sometimes,5.890986105461432e-05
C383.03...30.000.to..39.999,5.854996641185924e-05
L292.11..10...Extremely.favorable,5.807683956670566e-05
C333.2..No,5.770629514890247e-05
LA200.4..Not.at.all,5.756000179352973e-05
C131.3..A.few.times.a.month,5.744986171268504e-05
C235.2..Somewhat.effective,5.726815430431345e-05
C282.2..Yes..over.5.years.ago,5.717944386202573e-05
S4CA,5.698711110129322e-05
S10.04..Colombia,5.689154692820404e-05
L216DESC_HID.3..3.Manuela.L.f3.pez..has.been.described.by.her.colleagues.in.local.government.as.an.intelligent..tough..and.ambitious.candid,5.685774278321912e-05
C382F.2..Some.high.school,5.6767301518920665e-05
BL93.2..Yes..somewhat,5.6587916547917395e-05
C120.3..About.half.of.the.time,5.632692826448588e-05
L216.4..Like...Pronoun1_Hid....somewhat,5.6185842202655636e-05
L198.4..Strongly.Disagree,5.6119615292170894e-05
HISP2010_PERCENTURUGUAYAN,5.567871254335716e-05
C263.4..4,5.555471957031725e-05
C44.5..Strongly.disagree,5.5467917800266935e-05
C357.3..Good,5.541144577871725e-05
C121.4..Disagree,5.517960403938597e-05
L216DESC_HID.8..8.Jill.Larsen..has.been.described.by.her.colleagues.in.local.government.as.an.intelligent..compassionate..and.understand,5.5083468393354865e-05
C383.12...200.000.or.more,5.475159017443135e-05
C129.7..Atheist.or.agnostic,5.4285495354024874e-05
L19.5..No..not.at.all,5.427751191723216e-05
C262.02..2,5.4010617293615976e-05
LA203.2..Somewhat.supports.Democrats,5.371670903092464e-05
C381.6..Post.graduate.education,5.3563405247953754e-05
C353.4..Fair,5.267536902547818e-05
C391_5.3..Never.served.in.military,5.242888376477692e-05
C390.6..Homemaker,5.2099199823442925e-05
C226.2..Some,5.1928349887470276e-05
C34_3,5.1662532201683196e-05
C391_8.2..A.veteran,5.1546161003145614e-05
S4NJ,5.108520523947239e-05
A103_TREATMENTS.3..C,5.0934526822000965e-05
C260.2..Black,5.0905433672307024e-05
C348.4..Once.a.month,5.087762412862872e-05
C9.5..Not.familiar.with.them,5.08241703604677e-05
C390.3..Full.time.student,5.049570893968953e-05
C377.03..Both.parents.born.in.Puerto.Rico,5.048601424275123e-05
C373.7..Other..Specify,5.0358255930676806e-05
C275.7..7,5.031791951074963e-05
S4NY,4.9837094247952105e-05
C391_3.3..Never.served.in.military,4.966491077035695e-05
C357.4..Fair,4.965029162302642e-05
L192.4..Not.at.all.important,4.955606304216875e-05
C383.11...150.000.to..199.999,4.910651292536399e-05
C391_13.3..Never.served.in.military,4.872347405333777e-05
LA204.3..Somewhat.supports.Republicans,4.865806482538898e-05
L19.4..Yes..a.little,4.84117407520356e-05
L292.10..9,4.8268611266905934e-05
C327.2..Sometimes,4.821853764526761e-05
C319.2..Sometimes,4.810169211713357e-05
LA147.5..Strongly.Disagree,4.747156804008189e-05
C288.3..Not.at.all.concerned,4.732276358379642e-05
C327.3..Occasionally,4.723802361496974e-05
C57.2..No,4.6866097135526586e-05
L293.05..4,4.6853308783040214e-05
C194.4..Not.at.all.important,4.678874159950947e-05
C131.4..Only.a.few.times.during.the.year,4.6710419205721885e-05
C348.8..Just.about.everyday,4.65529349424812e-05
C260.4..Latino.or.Hispanic,4.603104620522027e-05
C385.4..Divorced,4.5754118162095684e-05
C246.5..Don.t.know,4.5538734669001046e-05
BL88.4..No,4.4687232887993254e-05
BL176.04..No.impact.at.all,4.450642272217134e-05
C391_11.2..A.veteran,4.436305116093792e-05
C263.6..6,4.4102990225425656e-05
C121.5..Strongly.disagree,4.400814123567603e-05
C321.3..Occasionally,4.3848418252062166e-05
C320.3..Occasionally,4.341765441104456e-05
C3.5..Not.familiar.with.them,4.308401288310872e-05
LA147.4..Disagree,4.2837178411046994e-05
C23.5..Staying.about.the.same,4.274475176925105e-05
C34_5,4.242757304323369e-05
C263.8..8,4.226604403031848e-05
C222.4..Not.important.at.all,4.222937812902541e-05
LA204.2..Somewhat.supports.Democrats,4.195967268434434e-05
C348.6..Once.a.week,4.166543835938701e-05
C53.2..Yes..more.than.one,4.1568033373616065e-05
C264.2..2,4.1440264439023545e-05
C253.2..No,4.1230451987360554e-05
C262.09..9,4.121040150860711e-05
C244.5..Don.t.know,4.0912883779972074e-05
C382M.6..Post.graduate.education,4.028587607950359e-05
C275.6..6,4.011346678040298e-05
C237.7..Other..Specify.,3.984736111871343e-05
C286.2..Yes..one.person,3.979145897023654e-05
HISP2010_PERCENTOTHERCENTAMERICA,3.945649384033141e-05
C243.2..Some,3.943190252230424e-05
L217.2..Very.poorly,3.926245529950687e-05
C86.2..Yes..it.has.cross.my.mind.once.or.twice,3.8932500881246086e-05
C76.03..Not.that.important,3.879952962518362e-05
L295.4..Strongly.disagree,3.845940590671712e-05
C10.4..Very.unfavorable,3.8374757959381364e-05
C58.2..No,3.835673635845592e-05
C73.03..Not.that.important,3.835671765726485e-05
L293.10..9,3.8252043929303946e-05
L199.4..Almost.always.say..they.,3.806683058865398e-05
S2_6,3.806157871284197e-05
C1_15,3.7986473479497226e-05
C391_10.3..Never.served.in.military,3.6997519461983694e-05
C373.5..Middle.Eastern.Arab,3.691087950737435e-05
C39.4..Disagree,3.650484681320467e-05
C239.4..Not.at.all.important,3.648577912038411e-05
C4.5..Not.familiar.with.them,3.628738581966682e-05
C383.04...40.000.to..49.999,3.6246368684875826e-05
C151.3..Not.very.much,3.592776454435243e-05
C106.5..Strongly.disagree,3.513122899799106e-05
L216.2..Dislike...Pronoun1_Hid...somewhat,3.499811300554634e-05
L24.6..Never.watch.TV.or.online.news,3.476931417778241e-05
L270.2..Probably.try.to.hide.my...S2...ethnicity,3.453687845306127e-05
S4FL,3.43169568065054e-05
HISP2010_PERCENTPARAGUAYAN,3.4301466590163054e-05
S4OK,3.422816025099069e-05
S4NM,3.410317500620874e-05
C262.07..7,3.404938392903514e-05
S10.21..Other.country..Specify.,3.351684064872727e-05
C383.09...90.000.to..99.999,3.1988729835040045e-05
L294.02..1,3.1938173391882305e-05
S4MA,3.1847829839251496e-05
L298.4..Strongly.disagree,3.1281388235868835e-05
C373.4..Asian,3.062781631422314e-05
C275.4..4,3.048390879410832e-05
L292.08..7,3.0197907787645838e-05
C260.3..Asian,2.9121372626254594e-05
BL155.3..Racism.once.existed.but.no.longer.exists.in.our.society,2.8974175634206405e-05
C386.3..African.American,2.894162816607988e-05
L292.07..6,2.793408936754367e-05
LA193.4..Not.at.all.important,2.7632115577159923e-05
C2.5..Not.familiar.with.them,2.6861954315555225e-05
C383.07...70.000.to..79.999,2.6414656396603746e-05
S4IL,2.6305984764970103e-05
C386.7..Other,2.6002404998556843e-05
C391_6.3..Never.served.in.military,2.588643523331383e-05
C1_12,2.5722393132011474e-05
C383.08...80.000.to..89.999,2.5335357246752214e-05
C275.8..8,2.517150512259217e-05
S4CO,2.515549694047212e-05
S4LA,2.4809453378532266e-05
L24.5..Mostly.Spanish.language,2.409006890224517e-05
S10.08..Ecuador,2.3768354703348724e-05
L24.4..More.Spanish..but.some.English,2.357156285877939e-05
S10.19..Venezuela,2.3156005385812645e-05
S4GA,2.3113919653625216e-05
C237.2..Gay,2.3039728906442506e-05
S10.07..Dominican.Republic,2.2719815574280468e-05
C390.4..Retired,2.2350486610727866e-05
S10.09..El.Salvador,2.2209040426828504e-05
C391_10.2..A.veteran,2.1573076193464605e-05
S4OR,2.1295537419093638e-05
C263.2..2,2.1277818664602207e-05
S4KS,2.0927183876209846e-05
HISP2010_PERCENTOTHERSOUTHAMERIC,2.0008940323629012e-05
C237.5..Transgender,1.980505356305383e-05
C247.5..Don.t.know,1.965237467294052e-05
C262.08..8,1.8688622284668498e-05
S10.16..Peru,1.8293719114566826e-05
C262.10..10,1.801384272907371e-05
C387.4..Fair,1.7448173825429944e-05
L198.3..Somewhat.Disagree,1.696951450300795e-05
L217.3..Somewhat.poorly,1.6946406748493556e-05
S4AZ,1.6884044718696912e-05
C386.4..Asian.American,1.6725240604547425e-05
L293.02..1,1.662896924193803e-05
C275.3..3,1.645504027708324e-05
C391_13.2..A.veteran,1.625800952597431e-05
S2_7,1.5820497241219548e-05
C260.5..Other,1.572940775258445e-05
C246.4..None.at.all,1.548841731295509e-05
S4AL,1.512818414086262e-05
C129.2..Protestant,1.5034977871617678e-05
S10.11..Honduras,1.4949477893663034e-05
S2_4,1.4857307848393023e-05
S10.10..Guatemala,1.473913194213714e-05
S2_3,1.4141298458062356e-05
S4MI,1.4138503996389096e-05
C261.2..Darker,1.3999509897389298e-05
C237.3..Lesbian,1.3764067934847615e-05
L292.05..4,1.3325522625538902e-05
S4NV,1.201683242167505e-05
S4MO,1.1994009030265734e-05
S4CT,1.182429164266224e-05
S10.14..Panama,1.1422377424716844e-05
S4NC,1.1257334371455651e-05
L292.04..3,1.1162008522576327e-05
C129.6..Buddhist,1.1153996460881356e-05
C386.6..Native.American,1.1143969416704542e-05
S4OH,1.1125316215648094e-05
C387.5..Poor,1.0677010006935562e-05
L292.02..1,1.057009106097125e-05
C275.2..2,1.0481150624584294e-05
S2_1,1.047990399564208e-05
L292.03..2,1.0250847677242109e-05
S4WA,9.582548836090012e-06
S4SC,9.459528127537912e-06
S10.05..Costa.Rica,9.291735622072208e-06
S4VA,9.114592887080112e-06
C391_6.2..A.veteran,7.966505779942943e-06
C386.5..Middle.Eastern,7.95494500000668e-06
C129.4..Muslim,7.859772616482663e-06
C391_3.2..A.veteran,7.539843333811109e-06
S4TN,7.162054858983831e-06
S4RI,6.970314088766063e-06
S4PA,6.374872827864703e-06
C237.6..Queer,5.653326301935849e-06
S4IN,5.547906862688882e-06
S4HI,4.920530422516518e-06
S4UT,4.917482622530769e-06
S4AR,4.709944594116583e-06
S10.02..Bolivia,4.505186141810406e-06
S10.03..Chile,4.366202794300571e-06
S4ME,2.9588601969363333e-06
S4MN,2.8909540086319056e-06
S4ID,2.772533293662763e-06
S4KY,2.086310489809591e-06
S4NE,1.837950291973868e-06
S10.18..Uruguay,1.5471105986798999e-06
S4WI,1.4580452927176665e-06
S4WY,3.1296882048718337e-07
S4DE,2.6078784106289786e-07
S3.3..Other,0.0
S4DC,0.0
S4IA,0.0
S4ND,0.0
S4NH,0.0
S4MD,0.0
S4MS,0.0
S2_5,0.0
C129.5..Hindu,0.0
S4MT,0.0
S10.15..Paraguay,0.0
C377.88..Don.t.know,0.0
S4SD,0.0
S4VT,0.0
S4WV,0.0
S1.6..Vietnamese,0.0
S1.5..Korean,0.0
S1.4..Chinese..traditional.,0.0
S1.3..Chinese..simplified.,0.0
